Territorio,Sesso_c,DATE,Value
Lombardia,TOTALE,2015-01-01,10002615
Lombardia,TOTALE,2015-01-02,10002571
Lombardia,TOTALE,2015-01-03,10002528
Lombardia,TOTALE,2015-01-04,10002484
Lombardia,TOTALE,2015-01-05,10002441
Lombardia,TOTALE,2015-01-06,10002397
Lombardia,TOTALE,2015-01-07,10002354
Lombardia,TOTALE,2015-01-08,10002311
Lombardia,TOTALE,2015-01-09,10002267
Lombardia,TOTALE,2015-01-10,10002224
Lombardia,TOTALE,2015-01-11,10002180
Lombardia,TOTALE,2015-01-12,10002137
Lombardia,TOTALE,2015-01-13,10002093
Lombardia,TOTALE,2015-01-14,10002050
Lombardia,TOTALE,2015-01-15,10002007
Lombardia,TOTALE,2015-01-16,10001963
Lombardia,TOTALE,2015-01-17,10001920
Lombardia,TOTALE,2015-01-18,10001876
Lombardia,TOTALE,2015-01-19,10001833
Lombardia,TOTALE,2015-01-20,10001790
Lombardia,TOTALE,2015-01-21,10001746
Lombardia,TOTALE,2015-01-22,10001703
Lombardia,TOTALE,2015-01-23,10001659
Lombardia,TOTALE,2015-01-24,10001616
Lombardia,TOTALE,2015-01-25,10001572
Lombardia,TOTALE,2015-01-26,10001529
Lombardia,TOTALE,2015-01-27,10001486
Lombardia,TOTALE,2015-01-28,10001442
Lombardia,TOTALE,2015-01-29,10001399
Lombardia,TOTALE,2015-01-30,10001355
Lombardia,TOTALE,2015-01-31,10001312
Lombardia,TOTALE,2015-02-01,10001269
Lombardia,TOTALE,2015-02-02,10001230
Lombardia,TOTALE,2015-02-03,10001191
Lombardia,TOTALE,2015-02-04,10001152
Lombardia,TOTALE,2015-02-05,10001113
Lombardia,TOTALE,2015-02-06,10001075
Lombardia,TOTALE,2015-02-07,10001036
Lombardia,TOTALE,2015-02-08,10000997
Lombardia,TOTALE,2015-02-09,10000958
Lombardia,TOTALE,2015-02-10,10000919
Lombardia,TOTALE,2015-02-11,10000881
Lombardia,TOTALE,2015-02-12,10000842
Lombardia,TOTALE,2015-02-13,10000803
Lombardia,TOTALE,2015-02-14,10000764
Lombardia,TOTALE,2015-02-15,10000726
Lombardia,TOTALE,2015-02-16,10000687
Lombardia,TOTALE,2015-02-17,10000648
Lombardia,TOTALE,2015-02-18,10000609
Lombardia,TOTALE,2015-02-19,10000570
Lombardia,TOTALE,2015-02-20,10000532
Lombardia,TOTALE,2015-02-21,10000493
Lombardia,TOTALE,2015-02-22,10000454
Lombardia,TOTALE,2015-02-23,10000415
Lombardia,TOTALE,2015-02-24,10000376
Lombardia,TOTALE,2015-02-25,10000338
Lombardia,TOTALE,2015-02-26,10000299
Lombardia,TOTALE,2015-02-27,10000260
Lombardia,TOTALE,2015-02-28,10000221
Lombardia,TOTALE,2015-03-01,10000183
Lombardia,TOTALE,2015-03-02,10000204
Lombardia,TOTALE,2015-03-03,10000226
Lombardia,TOTALE,2015-03-04,10000248
Lombardia,TOTALE,2015-03-05,10000270
Lombardia,TOTALE,2015-03-06,10000292
Lombardia,TOTALE,2015-03-07,10000314
Lombardia,TOTALE,2015-03-08,10000336
Lombardia,TOTALE,2015-03-09,10000357
Lombardia,TOTALE,2015-03-10,10000379
Lombardia,TOTALE,2015-03-11,10000401
Lombardia,TOTALE,2015-03-12,10000423
Lombardia,TOTALE,2015-03-13,10000445
Lombardia,TOTALE,2015-03-14,10000467
Lombardia,TOTALE,2015-03-15,10000489
Lombardia,TOTALE,2015-03-16,10000511
Lombardia,TOTALE,2015-03-17,10000532
Lombardia,TOTALE,2015-03-18,10000554
Lombardia,TOTALE,2015-03-19,10000576
Lombardia,TOTALE,2015-03-20,10000598
Lombardia,TOTALE,2015-03-21,10000620
Lombardia,TOTALE,2015-03-22,10000642
Lombardia,TOTALE,2015-03-23,10000664
Lombardia,TOTALE,2015-03-24,10000686
Lombardia,TOTALE,2015-03-25,10000707
Lombardia,TOTALE,2015-03-26,10000729
Lombardia,TOTALE,2015-03-27,10000751
Lombardia,TOTALE,2015-03-28,10000773
Lombardia,TOTALE,2015-03-29,10000795
Lombardia,TOTALE,2015-03-30,10000817
Lombardia,TOTALE,2015-03-31,10000839
Lombardia,TOTALE,2015-04-01,10000861
Lombardia,TOTALE,2015-04-02,10000836
Lombardia,TOTALE,2015-04-03,10000811
Lombardia,TOTALE,2015-04-04,10000787
Lombardia,TOTALE,2015-04-05,10000762
Lombardia,TOTALE,2015-04-06,10000737
Lombardia,TOTALE,2015-04-07,10000713
Lombardia,TOTALE,2015-04-08,10000688
Lombardia,TOTALE,2015-04-09,10000663
Lombardia,TOTALE,2015-04-10,10000639
Lombardia,TOTALE,2015-04-11,10000614
Lombardia,TOTALE,2015-04-12,10000589
Lombardia,TOTALE,2015-04-13,10000565
Lombardia,TOTALE,2015-04-14,10000540
Lombardia,TOTALE,2015-04-15,10000515
Lombardia,TOTALE,2015-04-16,10000491
Lombardia,TOTALE,2015-04-17,10000466
Lombardia,TOTALE,2015-04-18,10000441
Lombardia,TOTALE,2015-04-19,10000417
Lombardia,TOTALE,2015-04-20,10000392
Lombardia,TOTALE,2015-04-21,10000367
Lombardia,TOTALE,2015-04-22,10000343
Lombardia,TOTALE,2015-04-23,10000318
Lombardia,TOTALE,2015-04-24,10000293
Lombardia,TOTALE,2015-04-25,10000269
Lombardia,TOTALE,2015-04-26,10000244
Lombardia,TOTALE,2015-04-27,10000219
Lombardia,TOTALE,2015-04-28,10000195
Lombardia,TOTALE,2015-04-29,10000170
Lombardia,TOTALE,2015-04-30,10000145
Lombardia,TOTALE,2015-05-01,10000121
Lombardia,TOTALE,2015-05-02,10000152
Lombardia,TOTALE,2015-05-03,10000183
Lombardia,TOTALE,2015-05-04,10000214
Lombardia,TOTALE,2015-05-05,10000245
Lombardia,TOTALE,2015-05-06,10000276
Lombardia,TOTALE,2015-05-07,10000307
Lombardia,TOTALE,2015-05-08,10000338
Lombardia,TOTALE,2015-05-09,10000369
Lombardia,TOTALE,2015-05-10,10000400
Lombardia,TOTALE,2015-05-11,10000431
Lombardia,TOTALE,2015-05-12,10000462
Lombardia,TOTALE,2015-05-13,10000493
Lombardia,TOTALE,2015-05-14,10000524
Lombardia,TOTALE,2015-05-15,10000555
Lombardia,TOTALE,2015-05-16,10000586
Lombardia,TOTALE,2015-05-17,10000617
Lombardia,TOTALE,2015-05-18,10000648
Lombardia,TOTALE,2015-05-19,10000679
Lombardia,TOTALE,2015-05-20,10000710
Lombardia,TOTALE,2015-05-21,10000741
Lombardia,TOTALE,2015-05-22,10000772
Lombardia,TOTALE,2015-05-23,10000803
Lombardia,TOTALE,2015-05-24,10000834
Lombardia,TOTALE,2015-05-25,10000865
Lombardia,TOTALE,2015-05-26,10000896
Lombardia,TOTALE,2015-05-27,10000927
Lombardia,TOTALE,2015-05-28,10000958
Lombardia,TOTALE,2015-05-29,10000989
Lombardia,TOTALE,2015-05-30,10001020
Lombardia,TOTALE,2015-05-31,10001051
Lombardia,TOTALE,2015-06-01,10001082
Lombardia,TOTALE,2015-06-02,10001092
Lombardia,TOTALE,2015-06-03,10001102
Lombardia,TOTALE,2015-06-04,10001112
Lombardia,TOTALE,2015-06-05,10001122
Lombardia,TOTALE,2015-06-06,10001132
Lombardia,TOTALE,2015-06-07,10001142
Lombardia,TOTALE,2015-06-08,10001152
Lombardia,TOTALE,2015-06-09,10001162
Lombardia,TOTALE,2015-06-10,10001172
Lombardia,TOTALE,2015-06-11,10001182
Lombardia,TOTALE,2015-06-12,10001192
Lombardia,TOTALE,2015-06-13,10001202
Lombardia,TOTALE,2015-06-14,10001212
Lombardia,TOTALE,2015-06-15,10001222
Lombardia,TOTALE,2015-06-16,10001232
Lombardia,TOTALE,2015-06-17,10001242
Lombardia,TOTALE,2015-06-18,10001252
Lombardia,TOTALE,2015-06-19,10001262
Lombardia,TOTALE,2015-06-20,10001272
Lombardia,TOTALE,2015-06-21,10001282
Lombardia,TOTALE,2015-06-22,10001292
Lombardia,TOTALE,2015-06-23,10001302
Lombardia,TOTALE,2015-06-24,10001312
Lombardia,TOTALE,2015-06-25,10001322
Lombardia,TOTALE,2015-06-26,10001332
Lombardia,TOTALE,2015-06-27,10001342
Lombardia,TOTALE,2015-06-28,10001352
Lombardia,TOTALE,2015-06-29,10001362
Lombardia,TOTALE,2015-06-30,10001372
Lombardia,TOTALE,2015-07-01,10001383
Lombardia,TOTALE,2015-07-02,10001397
Lombardia,TOTALE,2015-07-03,10001411
Lombardia,TOTALE,2015-07-04,10001425
Lombardia,TOTALE,2015-07-05,10001439
Lombardia,TOTALE,2015-07-06,10001453
Lombardia,TOTALE,2015-07-07,10001467
Lombardia,TOTALE,2015-07-08,10001481
Lombardia,TOTALE,2015-07-09,10001495
Lombardia,TOTALE,2015-07-10,10001509
Lombardia,TOTALE,2015-07-11,10001523
Lombardia,TOTALE,2015-07-12,10001537
Lombardia,TOTALE,2015-07-13,10001551
Lombardia,TOTALE,2015-07-14,10001565
Lombardia,TOTALE,2015-07-15,10001579
Lombardia,TOTALE,2015-07-16,10001593
Lombardia,TOTALE,2015-07-17,10001608
Lombardia,TOTALE,2015-07-18,10001622
Lombardia,TOTALE,2015-07-19,10001636
Lombardia,TOTALE,2015-07-20,10001650
Lombardia,TOTALE,2015-07-21,10001664
Lombardia,TOTALE,2015-07-22,10001678
Lombardia,TOTALE,2015-07-23,10001692
Lombardia,TOTALE,2015-07-24,10001706
Lombardia,TOTALE,2015-07-25,10001720
Lombardia,TOTALE,2015-07-26,10001734
Lombardia,TOTALE,2015-07-27,10001748
Lombardia,TOTALE,2015-07-28,10001762
Lombardia,TOTALE,2015-07-29,10001776
Lombardia,TOTALE,2015-07-30,10001790
Lombardia,TOTALE,2015-07-31,10001804
Lombardia,TOTALE,2015-08-01,10001819
Lombardia,TOTALE,2015-08-02,10001829
Lombardia,TOTALE,2015-08-03,10001839
Lombardia,TOTALE,2015-08-04,10001849
Lombardia,TOTALE,2015-08-05,10001859
Lombardia,TOTALE,2015-08-06,10001869
Lombardia,TOTALE,2015-08-07,10001879
Lombardia,TOTALE,2015-08-08,10001889
Lombardia,TOTALE,2015-08-09,10001899
Lombardia,TOTALE,2015-08-10,10001909
Lombardia,TOTALE,2015-08-11,10001919
Lombardia,TOTALE,2015-08-12,10001929
Lombardia,TOTALE,2015-08-13,10001939
Lombardia,TOTALE,2015-08-14,10001949
Lombardia,TOTALE,2015-08-15,10001959
Lombardia,TOTALE,2015-08-16,10001969
Lombardia,TOTALE,2015-08-17,10001979
Lombardia,TOTALE,2015-08-18,10001989
Lombardia,TOTALE,2015-08-19,10001999
Lombardia,TOTALE,2015-08-20,10002009
Lombardia,TOTALE,2015-08-21,10002019
Lombardia,TOTALE,2015-08-22,10002029
Lombardia,TOTALE,2015-08-23,10002039
Lombardia,TOTALE,2015-08-24,10002049
Lombardia,TOTALE,2015-08-25,10002059
Lombardia,TOTALE,2015-08-26,10002069
Lombardia,TOTALE,2015-08-27,10002079
Lombardia,TOTALE,2015-08-28,10002089
Lombardia,TOTALE,2015-08-29,10002099
Lombardia,TOTALE,2015-08-30,10002109
Lombardia,TOTALE,2015-08-31,10002119
Lombardia,TOTALE,2015-09-01,10002130
Lombardia,TOTALE,2015-09-02,10002162
Lombardia,TOTALE,2015-09-03,10002195
Lombardia,TOTALE,2015-09-04,10002227
Lombardia,TOTALE,2015-09-05,10002260
Lombardia,TOTALE,2015-09-06,10002292
Lombardia,TOTALE,2015-09-07,10002325
Lombardia,TOTALE,2015-09-08,10002357
Lombardia,TOTALE,2015-09-09,10002390
Lombardia,TOTALE,2015-09-10,10002423
Lombardia,TOTALE,2015-09-11,10002455
Lombardia,TOTALE,2015-09-12,10002488
Lombardia,TOTALE,2015-09-13,10002520
Lombardia,TOTALE,2015-09-14,10002553
Lombardia,TOTALE,2015-09-15,10002585
Lombardia,TOTALE,2015-09-16,10002618
Lombardia,TOTALE,2015-09-17,10002651
Lombardia,TOTALE,2015-09-18,10002683
Lombardia,TOTALE,2015-09-19,10002716
Lombardia,TOTALE,2015-09-20,10002748
Lombardia,TOTALE,2015-09-21,10002781
Lombardia,TOTALE,2015-09-22,10002813
Lombardia,TOTALE,2015-09-23,10002846
Lombardia,TOTALE,2015-09-24,10002879
Lombardia,TOTALE,2015-09-25,10002911
Lombardia,TOTALE,2015-09-26,10002944
Lombardia,TOTALE,2015-09-27,10002976
Lombardia,TOTALE,2015-09-28,10003009
Lombardia,TOTALE,2015-09-29,10003041
Lombardia,TOTALE,2015-09-30,10003074
Lombardia,TOTALE,2015-10-01,10003107
Lombardia,TOTALE,2015-10-02,10003161
Lombardia,TOTALE,2015-10-03,10003215
Lombardia,TOTALE,2015-10-04,10003270
Lombardia,TOTALE,2015-10-05,10003324
Lombardia,TOTALE,2015-10-06,10003378
Lombardia,TOTALE,2015-10-07,10003433
Lombardia,TOTALE,2015-10-08,10003487
Lombardia,TOTALE,2015-10-09,10003542
Lombardia,TOTALE,2015-10-10,10003596
Lombardia,TOTALE,2015-10-11,10003650
Lombardia,TOTALE,2015-10-12,10003705
Lombardia,TOTALE,2015-10-13,10003759
Lombardia,TOTALE,2015-10-14,10003814
Lombardia,TOTALE,2015-10-15,10003868
Lombardia,TOTALE,2015-10-16,10003922
Lombardia,TOTALE,2015-10-17,10003977
Lombardia,TOTALE,2015-10-18,10004031
Lombardia,TOTALE,2015-10-19,10004085
Lombardia,TOTALE,2015-10-20,10004140
Lombardia,TOTALE,2015-10-21,10004194
Lombardia,TOTALE,2015-10-22,10004249
Lombardia,TOTALE,2015-10-23,10004303
Lombardia,TOTALE,2015-10-24,10004357
Lombardia,TOTALE,2015-10-25,10004412
Lombardia,TOTALE,2015-10-26,10004466
Lombardia,TOTALE,2015-10-27,10004521
Lombardia,TOTALE,2015-10-28,10004575
Lombardia,TOTALE,2015-10-29,10004629
Lombardia,TOTALE,2015-10-30,10004684
Lombardia,TOTALE,2015-10-31,10004738
Lombardia,TOTALE,2015-11-01,10004793
Lombardia,TOTALE,2015-11-02,10004855
Lombardia,TOTALE,2015-11-03,10004918
Lombardia,TOTALE,2015-11-04,10004981
Lombardia,TOTALE,2015-11-05,10005043
Lombardia,TOTALE,2015-11-06,10005106
Lombardia,TOTALE,2015-11-07,10005169
Lombardia,TOTALE,2015-11-08,10005232
Lombardia,TOTALE,2015-11-09,10005294
Lombardia,TOTALE,2015-11-10,10005357
Lombardia,TOTALE,2015-11-11,10005420
Lombardia,TOTALE,2015-11-12,10005483
Lombardia,TOTALE,2015-11-13,10005545
Lombardia,TOTALE,2015-11-14,10005608
Lombardia,TOTALE,2015-11-15,10005671
Lombardia,TOTALE,2015-11-16,10005734
Lombardia,TOTALE,2015-11-17,10005796
Lombardia,TOTALE,2015-11-18,10005859
Lombardia,TOTALE,2015-11-19,10005922
Lombardia,TOTALE,2015-11-20,10005984
Lombardia,TOTALE,2015-11-21,10006047
Lombardia,TOTALE,2015-11-22,10006110
Lombardia,TOTALE,2015-11-23,10006173
Lombardia,TOTALE,2015-11-24,10006235
Lombardia,TOTALE,2015-11-25,10006298
Lombardia,TOTALE,2015-11-26,10006361
Lombardia,TOTALE,2015-11-27,10006424
Lombardia,TOTALE,2015-11-28,10006486
Lombardia,TOTALE,2015-11-29,10006549
Lombardia,TOTALE,2015-11-30,10006612
Lombardia,TOTALE,2015-12-01,10006675
Lombardia,TOTALE,2015-12-02,10006729
Lombardia,TOTALE,2015-12-03,10006783
Lombardia,TOTALE,2015-12-04,10006837
Lombardia,TOTALE,2015-12-05,10006891
Lombardia,TOTALE,2015-12-06,10006945
Lombardia,TOTALE,2015-12-07,10006999
Lombardia,TOTALE,2015-12-08,10007053
Lombardia,TOTALE,2015-12-09,10007107
Lombardia,TOTALE,2015-12-10,10007161
Lombardia,TOTALE,2015-12-11,10007215
Lombardia,TOTALE,2015-12-12,10007269
Lombardia,TOTALE,2015-12-13,10007323
Lombardia,TOTALE,2015-12-14,10007377
Lombardia,TOTALE,2015-12-15,10007431
Lombardia,TOTALE,2015-12-16,10007485
Lombardia,TOTALE,2015-12-17,10007539
Lombardia,TOTALE,2015-12-18,10007593
Lombardia,TOTALE,2015-12-19,10007647
Lombardia,TOTALE,2015-12-20,10007701
Lombardia,TOTALE,2015-12-21,10007755
Lombardia,TOTALE,2015-12-22,10007809
Lombardia,TOTALE,2015-12-23,10007863
Lombardia,TOTALE,2015-12-24,10007917
Lombardia,TOTALE,2015-12-25,10007971
Lombardia,TOTALE,2015-12-26,10008025
Lombardia,TOTALE,2015-12-27,10008079
Lombardia,TOTALE,2015-12-28,10008133
Lombardia,TOTALE,2015-12-29,10008187
Lombardia,TOTALE,2015-12-30,10008241
Lombardia,TOTALE,2015-12-31,10008295
Lombardia,TOTALE,2016-01-01,10008349
Lombardia,TOTALE,2016-01-02,10008291
Lombardia,TOTALE,2016-01-03,10008234
Lombardia,TOTALE,2016-01-04,10008177
Lombardia,TOTALE,2016-01-05,10008120
Lombardia,TOTALE,2016-01-06,10008063
Lombardia,TOTALE,2016-01-07,10008006
Lombardia,TOTALE,2016-01-08,10007949
Lombardia,TOTALE,2016-01-09,10007892
Lombardia,TOTALE,2016-01-10,10007835
Lombardia,TOTALE,2016-01-11,10007778
Lombardia,TOTALE,2016-01-12,10007721
Lombardia,TOTALE,2016-01-13,10007664
Lombardia,TOTALE,2016-01-14,10007607
Lombardia,TOTALE,2016-01-15,10007550
Lombardia,TOTALE,2016-01-16,10007493
Lombardia,TOTALE,2016-01-17,10007435
Lombardia,TOTALE,2016-01-18,10007378
Lombardia,TOTALE,2016-01-19,10007321
Lombardia,TOTALE,2016-01-20,10007264
Lombardia,TOTALE,2016-01-21,10007207
Lombardia,TOTALE,2016-01-22,10007150
Lombardia,TOTALE,2016-01-23,10007093
Lombardia,TOTALE,2016-01-24,10007036
Lombardia,TOTALE,2016-01-25,10006979
Lombardia,TOTALE,2016-01-26,10006922
Lombardia,TOTALE,2016-01-27,10006865
Lombardia,TOTALE,2016-01-28,10006808
Lombardia,TOTALE,2016-01-29,10006751
Lombardia,TOTALE,2016-01-30,10006694
Lombardia,TOTALE,2016-01-31,10006637
Lombardia,TOTALE,2016-02-01,10006580
Lombardia,TOTALE,2016-02-02,10006645
Lombardia,TOTALE,2016-02-03,10006710
Lombardia,TOTALE,2016-02-04,10006775
Lombardia,TOTALE,2016-02-05,10006840
Lombardia,TOTALE,2016-02-06,10006905
Lombardia,TOTALE,2016-02-07,10006970
Lombardia,TOTALE,2016-02-08,10007035
Lombardia,TOTALE,2016-02-09,10007101
Lombardia,TOTALE,2016-02-10,10007166
Lombardia,TOTALE,2016-02-11,10007231
Lombardia,TOTALE,2016-02-12,10007296
Lombardia,TOTALE,2016-02-13,10007361
Lombardia,TOTALE,2016-02-14,10007426
Lombardia,TOTALE,2016-02-15,10007491
Lombardia,TOTALE,2016-02-16,10007557
Lombardia,TOTALE,2016-02-17,10007622
Lombardia,TOTALE,2016-02-18,10007687
Lombardia,TOTALE,2016-02-19,10007752
Lombardia,TOTALE,2016-02-20,10007817
Lombardia,TOTALE,2016-02-21,10007882
Lombardia,TOTALE,2016-02-22,10007947
Lombardia,TOTALE,2016-02-23,10008013
Lombardia,TOTALE,2016-02-24,10008078
Lombardia,TOTALE,2016-02-25,10008143
Lombardia,TOTALE,2016-02-26,10008208
Lombardia,TOTALE,2016-02-27,10008273
Lombardia,TOTALE,2016-02-28,10008338
Lombardia,TOTALE,2016-02-29,10008403
Lombardia,TOTALE,2016-03-01,10008469
Lombardia,TOTALE,2016-03-02,10008482
Lombardia,TOTALE,2016-03-03,10008495
Lombardia,TOTALE,2016-03-04,10008508
Lombardia,TOTALE,2016-03-05,10008521
Lombardia,TOTALE,2016-03-06,10008534
Lombardia,TOTALE,2016-03-07,10008547
Lombardia,TOTALE,2016-03-08,10008560
Lombardia,TOTALE,2016-03-09,10008573
Lombardia,TOTALE,2016-03-10,10008586
Lombardia,TOTALE,2016-03-11,10008599
Lombardia,TOTALE,2016-03-12,10008612
Lombardia,TOTALE,2016-03-13,10008625
Lombardia,TOTALE,2016-03-14,10008638
Lombardia,TOTALE,2016-03-15,10008651
Lombardia,TOTALE,2016-03-16,10008664
Lombardia,TOTALE,2016-03-17,10008677
Lombardia,TOTALE,2016-03-18,10008690
Lombardia,TOTALE,2016-03-19,10008703
Lombardia,TOTALE,2016-03-20,10008716
Lombardia,TOTALE,2016-03-21,10008729
Lombardia,TOTALE,2016-03-22,10008742
Lombardia,TOTALE,2016-03-23,10008755
Lombardia,TOTALE,2016-03-24,10008768
Lombardia,TOTALE,2016-03-25,10008781
Lombardia,TOTALE,2016-03-26,10008794
Lombardia,TOTALE,2016-03-27,10008807
Lombardia,TOTALE,2016-03-28,10008820
Lombardia,TOTALE,2016-03-29,10008833
Lombardia,TOTALE,2016-03-30,10008846
Lombardia,TOTALE,2016-03-31,10008859
Lombardia,TOTALE,2016-04-01,10008872
Lombardia,TOTALE,2016-04-02,10008889
Lombardia,TOTALE,2016-04-03,10008906
Lombardia,TOTALE,2016-04-04,10008923
Lombardia,TOTALE,2016-04-05,10008941
Lombardia,TOTALE,2016-04-06,10008958
Lombardia,TOTALE,2016-04-07,10008975
Lombardia,TOTALE,2016-04-08,10008992
Lombardia,TOTALE,2016-04-09,10009010
Lombardia,TOTALE,2016-04-10,10009027
Lombardia,TOTALE,2016-04-11,10009044
Lombardia,TOTALE,2016-04-12,10009061
Lombardia,TOTALE,2016-04-13,10009079
Lombardia,TOTALE,2016-04-14,10009096
Lombardia,TOTALE,2016-04-15,10009113
Lombardia,TOTALE,2016-04-16,10009131
Lombardia,TOTALE,2016-04-17,10009148
Lombardia,TOTALE,2016-04-18,10009165
Lombardia,TOTALE,2016-04-19,10009182
Lombardia,TOTALE,2016-04-20,10009200
Lombardia,TOTALE,2016-04-21,10009217
Lombardia,TOTALE,2016-04-22,10009234
Lombardia,TOTALE,2016-04-23,10009251
Lombardia,TOTALE,2016-04-24,10009269
Lombardia,TOTALE,2016-04-25,10009286
Lombardia,TOTALE,2016-04-26,10009303
Lombardia,TOTALE,2016-04-27,10009320
Lombardia,TOTALE,2016-04-28,10009338
Lombardia,TOTALE,2016-04-29,10009355
Lombardia,TOTALE,2016-04-30,10009372
Lombardia,TOTALE,2016-05-01,10009390
Lombardia,TOTALE,2016-05-02,10009419
Lombardia,TOTALE,2016-05-03,10009448
Lombardia,TOTALE,2016-05-04,10009478
Lombardia,TOTALE,2016-05-05,10009507
Lombardia,TOTALE,2016-05-06,10009536
Lombardia,TOTALE,2016-05-07,10009566
Lombardia,TOTALE,2016-05-08,10009595
Lombardia,TOTALE,2016-05-09,10009624
Lombardia,TOTALE,2016-05-10,10009654
Lombardia,TOTALE,2016-05-11,10009683
Lombardia,TOTALE,2016-05-12,10009712
Lombardia,TOTALE,2016-05-13,10009742
Lombardia,TOTALE,2016-05-14,10009771
Lombardia,TOTALE,2016-05-15,10009800
Lombardia,TOTALE,2016-05-16,10009830
Lombardia,TOTALE,2016-05-17,10009859
Lombardia,TOTALE,2016-05-18,10009889
Lombardia,TOTALE,2016-05-19,10009918
Lombardia,TOTALE,2016-05-20,10009947
Lombardia,TOTALE,2016-05-21,10009977
Lombardia,TOTALE,2016-05-22,10010006
Lombardia,TOTALE,2016-05-23,10010035
Lombardia,TOTALE,2016-05-24,10010065
Lombardia,TOTALE,2016-05-25,10010094
Lombardia,TOTALE,2016-05-26,10010123
Lombardia,TOTALE,2016-05-27,10010153
Lombardia,TOTALE,2016-05-28,10010182
Lombardia,TOTALE,2016-05-29,10010211
Lombardia,TOTALE,2016-05-30,10010241
Lombardia,TOTALE,2016-05-31,10010270
Lombardia,TOTALE,2016-06-01,10010300
Lombardia,TOTALE,2016-06-02,10010315
Lombardia,TOTALE,2016-06-03,10010331
Lombardia,TOTALE,2016-06-04,10010346
Lombardia,TOTALE,2016-06-05,10010362
Lombardia,TOTALE,2016-06-06,10010377
Lombardia,TOTALE,2016-06-07,10010393
Lombardia,TOTALE,2016-06-08,10010408
Lombardia,TOTALE,2016-06-09,10010424
Lombardia,TOTALE,2016-06-10,10010439
Lombardia,TOTALE,2016-06-11,10010455
Lombardia,TOTALE,2016-06-12,10010470
Lombardia,TOTALE,2016-06-13,10010486
Lombardia,TOTALE,2016-06-14,10010501
Lombardia,TOTALE,2016-06-15,10010517
Lombardia,TOTALE,2016-06-16,10010533
Lombardia,TOTALE,2016-06-17,10010548
Lombardia,TOTALE,2016-06-18,10010564
Lombardia,TOTALE,2016-06-19,10010579
Lombardia,TOTALE,2016-06-20,10010595
Lombardia,TOTALE,2016-06-21,10010610
Lombardia,TOTALE,2016-06-22,10010626
Lombardia,TOTALE,2016-06-23,10010641
Lombardia,TOTALE,2016-06-24,10010657
Lombardia,TOTALE,2016-06-25,10010672
Lombardia,TOTALE,2016-06-26,10010688
Lombardia,TOTALE,2016-06-27,10010703
Lombardia,TOTALE,2016-06-28,10010719
Lombardia,TOTALE,2016-06-29,10010734
Lombardia,TOTALE,2016-06-30,10010750
Lombardia,TOTALE,2016-07-01,10010766
Lombardia,TOTALE,2016-07-02,10010768
Lombardia,TOTALE,2016-07-03,10010771
Lombardia,TOTALE,2016-07-04,10010774
Lombardia,TOTALE,2016-07-05,10010777
Lombardia,TOTALE,2016-07-06,10010780
Lombardia,TOTALE,2016-07-07,10010783
Lombardia,TOTALE,2016-07-08,10010786
Lombardia,TOTALE,2016-07-09,10010789
Lombardia,TOTALE,2016-07-10,10010792
Lombardia,TOTALE,2016-07-11,10010795
Lombardia,TOTALE,2016-07-12,10010798
Lombardia,TOTALE,2016-07-13,10010801
Lombardia,TOTALE,2016-07-14,10010804
Lombardia,TOTALE,2016-07-15,10010807
Lombardia,TOTALE,2016-07-16,10010810
Lombardia,TOTALE,2016-07-17,10010813
Lombardia,TOTALE,2016-07-18,10010816
Lombardia,TOTALE,2016-07-19,10010819
Lombardia,TOTALE,2016-07-20,10010822
Lombardia,TOTALE,2016-07-21,10010825
Lombardia,TOTALE,2016-07-22,10010828
Lombardia,TOTALE,2016-07-23,10010831
Lombardia,TOTALE,2016-07-24,10010834
Lombardia,TOTALE,2016-07-25,10010837
Lombardia,TOTALE,2016-07-26,10010840
Lombardia,TOTALE,2016-07-27,10010843
Lombardia,TOTALE,2016-07-28,10010846
Lombardia,TOTALE,2016-07-29,10010849
Lombardia,TOTALE,2016-07-30,10010852
Lombardia,TOTALE,2016-07-31,10010855
Lombardia,TOTALE,2016-08-01,10010858
Lombardia,TOTALE,2016-08-02,10010894
Lombardia,TOTALE,2016-08-03,10010930
Lombardia,TOTALE,2016-08-04,10010966
Lombardia,TOTALE,2016-08-05,10011002
Lombardia,TOTALE,2016-08-06,10011038
Lombardia,TOTALE,2016-08-07,10011074
Lombardia,TOTALE,2016-08-08,10011110
Lombardia,TOTALE,2016-08-09,10011146
Lombardia,TOTALE,2016-08-10,10011182
Lombardia,TOTALE,2016-08-11,10011218
Lombardia,TOTALE,2016-08-12,10011254
Lombardia,TOTALE,2016-08-13,10011290
Lombardia,TOTALE,2016-08-14,10011326
Lombardia,TOTALE,2016-08-15,10011362
Lombardia,TOTALE,2016-08-16,10011398
Lombardia,TOTALE,2016-08-17,10011434
Lombardia,TOTALE,2016-08-18,10011470
Lombardia,TOTALE,2016-08-19,10011506
Lombardia,TOTALE,2016-08-20,10011542
Lombardia,TOTALE,2016-08-21,10011578
Lombardia,TOTALE,2016-08-22,10011614
Lombardia,TOTALE,2016-08-23,10011650
Lombardia,TOTALE,2016-08-24,10011686
Lombardia,TOTALE,2016-08-25,10011722
Lombardia,TOTALE,2016-08-26,10011758
Lombardia,TOTALE,2016-08-27,10011794
Lombardia,TOTALE,2016-08-28,10011830
Lombardia,TOTALE,2016-08-29,10011866
Lombardia,TOTALE,2016-08-30,10011902
Lombardia,TOTALE,2016-08-31,10011938
Lombardia,TOTALE,2016-09-01,10011975
Lombardia,TOTALE,2016-09-02,10012056
Lombardia,TOTALE,2016-09-03,10012138
Lombardia,TOTALE,2016-09-04,10012219
Lombardia,TOTALE,2016-09-05,10012301
Lombardia,TOTALE,2016-09-06,10012383
Lombardia,TOTALE,2016-09-07,10012464
Lombardia,TOTALE,2016-09-08,10012546
Lombardia,TOTALE,2016-09-09,10012628
Lombardia,TOTALE,2016-09-10,10012709
Lombardia,TOTALE,2016-09-11,10012791
Lombardia,TOTALE,2016-09-12,10012872
Lombardia,TOTALE,2016-09-13,10012954
Lombardia,TOTALE,2016-09-14,10013036
Lombardia,TOTALE,2016-09-15,10013117
Lombardia,TOTALE,2016-09-16,10013199
Lombardia,TOTALE,2016-09-17,10013281
Lombardia,TOTALE,2016-09-18,10013362
Lombardia,TOTALE,2016-09-19,10013444
Lombardia,TOTALE,2016-09-20,10013526
Lombardia,TOTALE,2016-09-21,10013607
Lombardia,TOTALE,2016-09-22,10013689
Lombardia,TOTALE,2016-09-23,10013770
Lombardia,TOTALE,2016-09-24,10013852
Lombardia,TOTALE,2016-09-25,10013934
Lombardia,TOTALE,2016-09-26,10014015
Lombardia,TOTALE,2016-09-27,10014097
Lombardia,TOTALE,2016-09-28,10014179
Lombardia,TOTALE,2016-09-29,10014260
Lombardia,TOTALE,2016-09-30,10014342
Lombardia,TOTALE,2016-10-01,10014424
Lombardia,TOTALE,2016-10-02,10014531
Lombardia,TOTALE,2016-10-03,10014638
Lombardia,TOTALE,2016-10-04,10014746
Lombardia,TOTALE,2016-10-05,10014853
Lombardia,TOTALE,2016-10-06,10014961
Lombardia,TOTALE,2016-10-07,10015068
Lombardia,TOTALE,2016-10-08,10015176
Lombardia,TOTALE,2016-10-09,10015283
Lombardia,TOTALE,2016-10-10,10015391
Lombardia,TOTALE,2016-10-11,10015498
Lombardia,TOTALE,2016-10-12,10015606
Lombardia,TOTALE,2016-10-13,10015713
Lombardia,TOTALE,2016-10-14,10015821
Lombardia,TOTALE,2016-10-15,10015928
Lombardia,TOTALE,2016-10-16,10016036
Lombardia,TOTALE,2016-10-17,10016143
Lombardia,TOTALE,2016-10-18,10016251
Lombardia,TOTALE,2016-10-19,10016358
Lombardia,TOTALE,2016-10-20,10016466
Lombardia,TOTALE,2016-10-21,10016573
Lombardia,TOTALE,2016-10-22,10016681
Lombardia,TOTALE,2016-10-23,10016788
Lombardia,TOTALE,2016-10-24,10016896
Lombardia,TOTALE,2016-10-25,10017003
Lombardia,TOTALE,2016-10-26,10017111
Lombardia,TOTALE,2016-10-27,10017218
Lombardia,TOTALE,2016-10-28,10017326
Lombardia,TOTALE,2016-10-29,10017433
Lombardia,TOTALE,2016-10-30,10017541
Lombardia,TOTALE,2016-10-31,10017648
Lombardia,TOTALE,2016-11-01,10017756
Lombardia,TOTALE,2016-11-02,10017793
Lombardia,TOTALE,2016-11-03,10017831
Lombardia,TOTALE,2016-11-04,10017869
Lombardia,TOTALE,2016-11-05,10017907
Lombardia,TOTALE,2016-11-06,10017945
Lombardia,TOTALE,2016-11-07,10017983
Lombardia,TOTALE,2016-11-08,10018020
Lombardia,TOTALE,2016-11-09,10018058
Lombardia,TOTALE,2016-11-10,10018096
Lombardia,TOTALE,2016-11-11,10018134
Lombardia,TOTALE,2016-11-12,10018172
Lombardia,TOTALE,2016-11-13,10018210
Lombardia,TOTALE,2016-11-14,10018247
Lombardia,TOTALE,2016-11-15,10018285
Lombardia,TOTALE,2016-11-16,10018323
Lombardia,TOTALE,2016-11-17,10018361
Lombardia,TOTALE,2016-11-18,10018399
Lombardia,TOTALE,2016-11-19,10018437
Lombardia,TOTALE,2016-11-20,10018474
Lombardia,TOTALE,2016-11-21,10018512
Lombardia,TOTALE,2016-11-22,10018550
Lombardia,TOTALE,2016-11-23,10018588
Lombardia,TOTALE,2016-11-24,10018626
Lombardia,TOTALE,2016-11-25,10018664
Lombardia,TOTALE,2016-11-26,10018701
Lombardia,TOTALE,2016-11-27,10018739
Lombardia,TOTALE,2016-11-28,10018777
Lombardia,TOTALE,2016-11-29,10018815
Lombardia,TOTALE,2016-11-30,10018853
Lombardia,TOTALE,2016-12-01,10018891
Lombardia,TOTALE,2016-12-02,10018899
Lombardia,TOTALE,2016-12-03,10018908
Lombardia,TOTALE,2016-12-04,10018917
Lombardia,TOTALE,2016-12-05,10018926
Lombardia,TOTALE,2016-12-06,10018935
Lombardia,TOTALE,2016-12-07,10018944
Lombardia,TOTALE,2016-12-08,10018953
Lombardia,TOTALE,2016-12-09,10018961
Lombardia,TOTALE,2016-12-10,10018970
Lombardia,TOTALE,2016-12-11,10018979
Lombardia,TOTALE,2016-12-12,10018988
Lombardia,TOTALE,2016-12-13,10018997
Lombardia,TOTALE,2016-12-14,10019006
Lombardia,TOTALE,2016-12-15,10019015
Lombardia,TOTALE,2016-12-16,10019024
Lombardia,TOTALE,2016-12-17,10019032
Lombardia,TOTALE,2016-12-18,10019041
Lombardia,TOTALE,2016-12-19,10019050
Lombardia,TOTALE,2016-12-20,10019059
Lombardia,TOTALE,2016-12-21,10019068
Lombardia,TOTALE,2016-12-22,10019077
Lombardia,TOTALE,2016-12-23,10019086
Lombardia,TOTALE,2016-12-24,10019095
Lombardia,TOTALE,2016-12-25,10019103
Lombardia,TOTALE,2016-12-26,10019112
Lombardia,TOTALE,2016-12-27,10019121
Lombardia,TOTALE,2016-12-28,10019130
Lombardia,TOTALE,2016-12-29,10019139
Lombardia,TOTALE,2016-12-30,10019148
Lombardia,TOTALE,2016-12-31,10019157
Lombardia,TOTALE,2017-01-01,10019166
Lombardia,TOTALE,2017-01-02,10019037
Lombardia,TOTALE,2017-01-03,10018909
Lombardia,TOTALE,2017-01-04,10018781
Lombardia,TOTALE,2017-01-05,10018653
Lombardia,TOTALE,2017-01-06,10018525
Lombardia,TOTALE,2017-01-07,10018397
Lombardia,TOTALE,2017-01-08,10018269
Lombardia,TOTALE,2017-01-09,10018140
Lombardia,TOTALE,2017-01-10,10018012
Lombardia,TOTALE,2017-01-11,10017884
Lombardia,TOTALE,2017-01-12,10017756
Lombardia,TOTALE,2017-01-13,10017628
Lombardia,TOTALE,2017-01-14,10017500
Lombardia,TOTALE,2017-01-15,10017372
Lombardia,TOTALE,2017-01-16,10017244
Lombardia,TOTALE,2017-01-17,10017115
Lombardia,TOTALE,2017-01-18,10016987
Lombardia,TOTALE,2017-01-19,10016859
Lombardia,TOTALE,2017-01-20,10016731
Lombardia,TOTALE,2017-01-21,10016603
Lombardia,TOTALE,2017-01-22,10016475
Lombardia,TOTALE,2017-01-23,10016347
Lombardia,TOTALE,2017-01-24,10016219
Lombardia,TOTALE,2017-01-25,10016090
Lombardia,TOTALE,2017-01-26,10015962
Lombardia,TOTALE,2017-01-27,10015834
Lombardia,TOTALE,2017-01-28,10015706
Lombardia,TOTALE,2017-01-29,10015578
Lombardia,TOTALE,2017-01-30,10015450
Lombardia,TOTALE,2017-01-31,10015322
Lombardia,TOTALE,2017-02-01,10015194
Lombardia,TOTALE,2017-02-02,10015281
Lombardia,TOTALE,2017-02-03,10015368
Lombardia,TOTALE,2017-02-04,10015456
Lombardia,TOTALE,2017-02-05,10015543
Lombardia,TOTALE,2017-02-06,10015630
Lombardia,TOTALE,2017-02-07,10015718
Lombardia,TOTALE,2017-02-08,10015805
Lombardia,TOTALE,2017-02-09,10015893
Lombardia,TOTALE,2017-02-10,10015980
Lombardia,TOTALE,2017-02-11,10016067
Lombardia,TOTALE,2017-02-12,10016155
Lombardia,TOTALE,2017-02-13,10016242
Lombardia,TOTALE,2017-02-14,10016330
Lombardia,TOTALE,2017-02-15,10016417
Lombardia,TOTALE,2017-02-16,10016504
Lombardia,TOTALE,2017-02-17,10016592
Lombardia,TOTALE,2017-02-18,10016679
Lombardia,TOTALE,2017-02-19,10016767
Lombardia,TOTALE,2017-02-20,10016854
Lombardia,TOTALE,2017-02-21,10016941
Lombardia,TOTALE,2017-02-22,10017029
Lombardia,TOTALE,2017-02-23,10017116
Lombardia,TOTALE,2017-02-24,10017204
Lombardia,TOTALE,2017-02-25,10017291
Lombardia,TOTALE,2017-02-26,10017378
Lombardia,TOTALE,2017-02-27,10017466
Lombardia,TOTALE,2017-02-28,10017553
Lombardia,TOTALE,2017-03-01,10017641
Lombardia,TOTALE,2017-03-02,10017716
Lombardia,TOTALE,2017-03-03,10017792
Lombardia,TOTALE,2017-03-04,10017867
Lombardia,TOTALE,2017-03-05,10017943
Lombardia,TOTALE,2017-03-06,10018018
Lombardia,TOTALE,2017-03-07,10018094
Lombardia,TOTALE,2017-03-08,10018169
Lombardia,TOTALE,2017-03-09,10018245
Lombardia,TOTALE,2017-03-10,10018320
Lombardia,TOTALE,2017-03-11,10018396
Lombardia,TOTALE,2017-03-12,10018471
Lombardia,TOTALE,2017-03-13,10018547
Lombardia,TOTALE,2017-03-14,10018622
Lombardia,TOTALE,2017-03-15,10018698
Lombardia,TOTALE,2017-03-16,10018773
Lombardia,TOTALE,2017-03-17,10018849
Lombardia,TOTALE,2017-03-18,10018924
Lombardia,TOTALE,2017-03-19,10019000
Lombardia,TOTALE,2017-03-20,10019075
Lombardia,TOTALE,2017-03-21,10019151
Lombardia,TOTALE,2017-03-22,10019226
Lombardia,TOTALE,2017-03-23,10019302
Lombardia,TOTALE,2017-03-24,10019377
Lombardia,TOTALE,2017-03-25,10019453
Lombardia,TOTALE,2017-03-26,10019528
Lombardia,TOTALE,2017-03-27,10019604
Lombardia,TOTALE,2017-03-28,10019679
Lombardia,TOTALE,2017-03-29,10019755
Lombardia,TOTALE,2017-03-30,10019830
Lombardia,TOTALE,2017-03-31,10019906
Lombardia,TOTALE,2017-04-01,10019982
Lombardia,TOTALE,2017-04-02,10020022
Lombardia,TOTALE,2017-04-03,10020062
Lombardia,TOTALE,2017-04-04,10020103
Lombardia,TOTALE,2017-04-05,10020143
Lombardia,TOTALE,2017-04-06,10020184
Lombardia,TOTALE,2017-04-07,10020224
Lombardia,TOTALE,2017-04-08,10020265
Lombardia,TOTALE,2017-04-09,10020305
Lombardia,TOTALE,2017-04-10,10020345
Lombardia,TOTALE,2017-04-11,10020386
Lombardia,TOTALE,2017-04-12,10020426
Lombardia,TOTALE,2017-04-13,10020467
Lombardia,TOTALE,2017-04-14,10020507
Lombardia,TOTALE,2017-04-15,10020548
Lombardia,TOTALE,2017-04-16,10020588
Lombardia,TOTALE,2017-04-17,10020628
Lombardia,TOTALE,2017-04-18,10020669
Lombardia,TOTALE,2017-04-19,10020709
Lombardia,TOTALE,2017-04-20,10020750
Lombardia,TOTALE,2017-04-21,10020790
Lombardia,TOTALE,2017-04-22,10020831
Lombardia,TOTALE,2017-04-23,10020871
Lombardia,TOTALE,2017-04-24,10020911
Lombardia,TOTALE,2017-04-25,10020952
Lombardia,TOTALE,2017-04-26,10020992
Lombardia,TOTALE,2017-04-27,10021033
Lombardia,TOTALE,2017-04-28,10021073
Lombardia,TOTALE,2017-04-29,10021114
Lombardia,TOTALE,2017-04-30,10021154
Lombardia,TOTALE,2017-05-01,10021195
Lombardia,TOTALE,2017-05-02,10021198
Lombardia,TOTALE,2017-05-03,10021202
Lombardia,TOTALE,2017-05-04,10021206
Lombardia,TOTALE,2017-05-05,10021210
Lombardia,TOTALE,2017-05-06,10021214
Lombardia,TOTALE,2017-05-07,10021218
Lombardia,TOTALE,2017-05-08,10021222
Lombardia,TOTALE,2017-05-09,10021226
Lombardia,TOTALE,2017-05-10,10021230
Lombardia,TOTALE,2017-05-11,10021234
Lombardia,TOTALE,2017-05-12,10021237
Lombardia,TOTALE,2017-05-13,10021241
Lombardia,TOTALE,2017-05-14,10021245
Lombardia,TOTALE,2017-05-15,10021249
Lombardia,TOTALE,2017-05-16,10021253
Lombardia,TOTALE,2017-05-17,10021257
Lombardia,TOTALE,2017-05-18,10021261
Lombardia,TOTALE,2017-05-19,10021265
Lombardia,TOTALE,2017-05-20,10021269
Lombardia,TOTALE,2017-05-21,10021273
Lombardia,TOTALE,2017-05-22,10021276
Lombardia,TOTALE,2017-05-23,10021280
Lombardia,TOTALE,2017-05-24,10021284
Lombardia,TOTALE,2017-05-25,10021288
Lombardia,TOTALE,2017-05-26,10021292
Lombardia,TOTALE,2017-05-27,10021296
Lombardia,TOTALE,2017-05-28,10021300
Lombardia,TOTALE,2017-05-29,10021304
Lombardia,TOTALE,2017-05-30,10021308
Lombardia,TOTALE,2017-05-31,10021312
Lombardia,TOTALE,2017-06-01,10021316
Lombardia,TOTALE,2017-06-02,10021393
Lombardia,TOTALE,2017-06-03,10021471
Lombardia,TOTALE,2017-06-04,10021549
Lombardia,TOTALE,2017-06-05,10021627
Lombardia,TOTALE,2017-06-06,10021705
Lombardia,TOTALE,2017-06-07,10021782
Lombardia,TOTALE,2017-06-08,10021860
Lombardia,TOTALE,2017-06-09,10021938
Lombardia,TOTALE,2017-06-10,10022016
Lombardia,TOTALE,2017-06-11,10022094
Lombardia,TOTALE,2017-06-12,10022171
Lombardia,TOTALE,2017-06-13,10022249
Lombardia,TOTALE,2017-06-14,10022327
Lombardia,TOTALE,2017-06-15,10022405
Lombardia,TOTALE,2017-06-16,10022483
Lombardia,TOTALE,2017-06-17,10022560
Lombardia,TOTALE,2017-06-18,10022638
Lombardia,TOTALE,2017-06-19,10022716
Lombardia,TOTALE,2017-06-20,10022794
Lombardia,TOTALE,2017-06-21,10022872
Lombardia,TOTALE,2017-06-22,10022949
Lombardia,TOTALE,2017-06-23,10023027
Lombardia,TOTALE,2017-06-24,10023105
Lombardia,TOTALE,2017-06-25,10023183
Lombardia,TOTALE,2017-06-26,10023261
Lombardia,TOTALE,2017-06-27,10023338
Lombardia,TOTALE,2017-06-28,10023416
Lombardia,TOTALE,2017-06-29,10023494
Lombardia,TOTALE,2017-06-30,10023572
Lombardia,TOTALE,2017-07-01,10023650
Lombardia,TOTALE,2017-07-02,10023712
Lombardia,TOTALE,2017-07-03,10023774
Lombardia,TOTALE,2017-07-04,10023836
Lombardia,TOTALE,2017-07-05,10023899
Lombardia,TOTALE,2017-07-06,10023961
Lombardia,TOTALE,2017-07-07,10024023
Lombardia,TOTALE,2017-07-08,10024086
Lombardia,TOTALE,2017-07-09,10024148
Lombardia,TOTALE,2017-07-10,10024210
Lombardia,TOTALE,2017-07-11,10024273
Lombardia,TOTALE,2017-07-12,10024335
Lombardia,TOTALE,2017-07-13,10024397
Lombardia,TOTALE,2017-07-14,10024460
Lombardia,TOTALE,2017-07-15,10024522
Lombardia,TOTALE,2017-07-16,10024584
Lombardia,TOTALE,2017-07-17,10024647
Lombardia,TOTALE,2017-07-18,10024709
Lombardia,TOTALE,2017-07-19,10024771
Lombardia,TOTALE,2017-07-20,10024834
Lombardia,TOTALE,2017-07-21,10024896
Lombardia,TOTALE,2017-07-22,10024958
Lombardia,TOTALE,2017-07-23,10025021
Lombardia,TOTALE,2017-07-24,10025083
Lombardia,TOTALE,2017-07-25,10025145
Lombardia,TOTALE,2017-07-26,10025208
Lombardia,TOTALE,2017-07-27,10025270
Lombardia,TOTALE,2017-07-28,10025332
Lombardia,TOTALE,2017-07-29,10025395
Lombardia,TOTALE,2017-07-30,10025457
Lombardia,TOTALE,2017-07-31,10025519
Lombardia,TOTALE,2017-08-01,10025582
Lombardia,TOTALE,2017-08-02,10025672
Lombardia,TOTALE,2017-08-03,10025763
Lombardia,TOTALE,2017-08-04,10025854
Lombardia,TOTALE,2017-08-05,10025945
Lombardia,TOTALE,2017-08-06,10026036
Lombardia,TOTALE,2017-08-07,10026126
Lombardia,TOTALE,2017-08-08,10026217
Lombardia,TOTALE,2017-08-09,10026308
Lombardia,TOTALE,2017-08-10,10026399
Lombardia,TOTALE,2017-08-11,10026490
Lombardia,TOTALE,2017-08-12,10026580
Lombardia,TOTALE,2017-08-13,10026671
Lombardia,TOTALE,2017-08-14,10026762
Lombardia,TOTALE,2017-08-15,10026853
Lombardia,TOTALE,2017-08-16,10026944
Lombardia,TOTALE,2017-08-17,10027034
Lombardia,TOTALE,2017-08-18,10027125
Lombardia,TOTALE,2017-08-19,10027216
Lombardia,TOTALE,2017-08-20,10027307
Lombardia,TOTALE,2017-08-21,10027398
Lombardia,TOTALE,2017-08-22,10027488
Lombardia,TOTALE,2017-08-23,10027579
Lombardia,TOTALE,2017-08-24,10027670
Lombardia,TOTALE,2017-08-25,10027761
Lombardia,TOTALE,2017-08-26,10027852
Lombardia,TOTALE,2017-08-27,10027942
Lombardia,TOTALE,2017-08-28,10028033
Lombardia,TOTALE,2017-08-29,10028124
Lombardia,TOTALE,2017-08-30,10028215
Lombardia,TOTALE,2017-08-31,10028306
Lombardia,TOTALE,2017-09-01,10028397
Lombardia,TOTALE,2017-09-02,10028468
Lombardia,TOTALE,2017-09-03,10028539
Lombardia,TOTALE,2017-09-04,10028610
Lombardia,TOTALE,2017-09-05,10028681
Lombardia,TOTALE,2017-09-06,10028753
Lombardia,TOTALE,2017-09-07,10028824
Lombardia,TOTALE,2017-09-08,10028895
Lombardia,TOTALE,2017-09-09,10028966
Lombardia,TOTALE,2017-09-10,10029038
Lombardia,TOTALE,2017-09-11,10029109
Lombardia,TOTALE,2017-09-12,10029180
Lombardia,TOTALE,2017-09-13,10029251
Lombardia,TOTALE,2017-09-14,10029323
Lombardia,TOTALE,2017-09-15,10029394
Lombardia,TOTALE,2017-09-16,10029465
Lombardia,TOTALE,2017-09-17,10029536
Lombardia,TOTALE,2017-09-18,10029607
Lombardia,TOTALE,2017-09-19,10029679
Lombardia,TOTALE,2017-09-20,10029750
Lombardia,TOTALE,2017-09-21,10029821
Lombardia,TOTALE,2017-09-22,10029892
Lombardia,TOTALE,2017-09-23,10029964
Lombardia,TOTALE,2017-09-24,10030035
Lombardia,TOTALE,2017-09-25,10030106
Lombardia,TOTALE,2017-09-26,10030177
Lombardia,TOTALE,2017-09-27,10030249
Lombardia,TOTALE,2017-09-28,10030320
Lombardia,TOTALE,2017-09-29,10030391
Lombardia,TOTALE,2017-09-30,10030462
Lombardia,TOTALE,2017-10-01,10030534
Lombardia,TOTALE,2017-10-02,10030634
Lombardia,TOTALE,2017-10-03,10030734
Lombardia,TOTALE,2017-10-04,10030834
Lombardia,TOTALE,2017-10-05,10030934
Lombardia,TOTALE,2017-10-06,10031035
Lombardia,TOTALE,2017-10-07,10031135
Lombardia,TOTALE,2017-10-08,10031235
Lombardia,TOTALE,2017-10-09,10031335
Lombardia,TOTALE,2017-10-10,10031436
Lombardia,TOTALE,2017-10-11,10031536
Lombardia,TOTALE,2017-10-12,10031636
Lombardia,TOTALE,2017-10-13,10031736
Lombardia,TOTALE,2017-10-14,10031836
Lombardia,TOTALE,2017-10-15,10031937
Lombardia,TOTALE,2017-10-16,10032037
Lombardia,TOTALE,2017-10-17,10032137
Lombardia,TOTALE,2017-10-18,10032237
Lombardia,TOTALE,2017-10-19,10032338
Lombardia,TOTALE,2017-10-20,10032438
Lombardia,TOTALE,2017-10-21,10032538
Lombardia,TOTALE,2017-10-22,10032638
Lombardia,TOTALE,2017-10-23,10032738
Lombardia,TOTALE,2017-10-24,10032839
Lombardia,TOTALE,2017-10-25,10032939
Lombardia,TOTALE,2017-10-26,10033039
Lombardia,TOTALE,2017-10-27,10033139
Lombardia,TOTALE,2017-10-28,10033240
Lombardia,TOTALE,2017-10-29,10033340
Lombardia,TOTALE,2017-10-30,10033440
Lombardia,TOTALE,2017-10-31,10033540
Lombardia,TOTALE,2017-11-01,10033641
Lombardia,TOTALE,2017-11-02,10033722
Lombardia,TOTALE,2017-11-03,10033803
Lombardia,TOTALE,2017-11-04,10033885
Lombardia,TOTALE,2017-11-05,10033966
Lombardia,TOTALE,2017-11-06,10034048
Lombardia,TOTALE,2017-11-07,10034129
Lombardia,TOTALE,2017-11-08,10034211
Lombardia,TOTALE,2017-11-09,10034292
Lombardia,TOTALE,2017-11-10,10034374
Lombardia,TOTALE,2017-11-11,10034455
Lombardia,TOTALE,2017-11-12,10034537
Lombardia,TOTALE,2017-11-13,10034618
Lombardia,TOTALE,2017-11-14,10034700
Lombardia,TOTALE,2017-11-15,10034781
Lombardia,TOTALE,2017-11-16,10034863
Lombardia,TOTALE,2017-11-17,10034944
Lombardia,TOTALE,2017-11-18,10035025
Lombardia,TOTALE,2017-11-19,10035107
Lombardia,TOTALE,2017-11-20,10035188
Lombardia,TOTALE,2017-11-21,10035270
Lombardia,TOTALE,2017-11-22,10035351
Lombardia,TOTALE,2017-11-23,10035433
Lombardia,TOTALE,2017-11-24,10035514
Lombardia,TOTALE,2017-11-25,10035596
Lombardia,TOTALE,2017-11-26,10035677
Lombardia,TOTALE,2017-11-27,10035759
Lombardia,TOTALE,2017-11-28,10035840
Lombardia,TOTALE,2017-11-29,10035922
Lombardia,TOTALE,2017-11-30,10036003
Lombardia,TOTALE,2017-12-01,10036085
Lombardia,TOTALE,2017-12-02,10036090
Lombardia,TOTALE,2017-12-03,10036096
Lombardia,TOTALE,2017-12-04,10036101
Lombardia,TOTALE,2017-12-05,10036107
Lombardia,TOTALE,2017-12-06,10036112
Lombardia,TOTALE,2017-12-07,10036118
Lombardia,TOTALE,2017-12-08,10036124
Lombardia,TOTALE,2017-12-09,10036129
Lombardia,TOTALE,2017-12-10,10036135
Lombardia,TOTALE,2017-12-11,10036140
Lombardia,TOTALE,2017-12-12,10036146
Lombardia,TOTALE,2017-12-13,10036151
Lombardia,TOTALE,2017-12-14,10036157
Lombardia,TOTALE,2017-12-15,10036163
Lombardia,TOTALE,2017-12-16,10036168
Lombardia,TOTALE,2017-12-17,10036174
Lombardia,TOTALE,2017-12-18,10036179
Lombardia,TOTALE,2017-12-19,10036185
Lombardia,TOTALE,2017-12-20,10036191
Lombardia,TOTALE,2017-12-21,10036196
Lombardia,TOTALE,2017-12-22,10036202
Lombardia,TOTALE,2017-12-23,10036207
Lombardia,TOTALE,2017-12-24,10036213
Lombardia,TOTALE,2017-12-25,10036218
Lombardia,TOTALE,2017-12-26,10036224
Lombardia,TOTALE,2017-12-27,10036230
Lombardia,TOTALE,2017-12-28,10036235
Lombardia,TOTALE,2017-12-29,10036241
Lombardia,TOTALE,2017-12-30,10036246
Lombardia,TOTALE,2017-12-31,10036252
Lombardia,TOTALE,2018-01-01,10036258
Lombardia,TOTALE,2018-01-02,10036223
Lombardia,TOTALE,2018-01-03,10036189
Lombardia,TOTALE,2018-01-04,10036154
Lombardia,TOTALE,2018-01-05,10036120
Lombardia,TOTALE,2018-01-06,10036086
Lombardia,TOTALE,2018-01-07,10036051
Lombardia,TOTALE,2018-01-08,10036017
Lombardia,TOTALE,2018-01-09,10035983
Lombardia,TOTALE,2018-01-10,10035948
Lombardia,TOTALE,2018-01-11,10035914
Lombardia,TOTALE,2018-01-12,10035880
Lombardia,TOTALE,2018-01-13,10035845
Lombardia,TOTALE,2018-01-14,10035811
Lombardia,TOTALE,2018-01-15,10035777
Lombardia,TOTALE,2018-01-16,10035742
Lombardia,TOTALE,2018-01-17,10035708
Lombardia,TOTALE,2018-01-18,10035673
Lombardia,TOTALE,2018-01-19,10035639
Lombardia,TOTALE,2018-01-20,10035605
Lombardia,TOTALE,2018-01-21,10035570
Lombardia,TOTALE,2018-01-22,10035536
Lombardia,TOTALE,2018-01-23,10035502
Lombardia,TOTALE,2018-01-24,10035467
Lombardia,TOTALE,2018-01-25,10035433
Lombardia,TOTALE,2018-01-26,10035399
Lombardia,TOTALE,2018-01-27,10035364
Lombardia,TOTALE,2018-01-28,10035330
Lombardia,TOTALE,2018-01-29,10035296
Lombardia,TOTALE,2018-01-30,10035261
Lombardia,TOTALE,2018-01-31,10035227
Lombardia,TOTALE,2018-02-01,10035193
Lombardia,TOTALE,2018-02-02,10035297
Lombardia,TOTALE,2018-02-03,10035402
Lombardia,TOTALE,2018-02-04,10035506
Lombardia,TOTALE,2018-02-05,10035611
Lombardia,TOTALE,2018-02-06,10035716
Lombardia,TOTALE,2018-02-07,10035820
Lombardia,TOTALE,2018-02-08,10035925
Lombardia,TOTALE,2018-02-09,10036030
Lombardia,TOTALE,2018-02-10,10036134
Lombardia,TOTALE,2018-02-11,10036239
Lombardia,TOTALE,2018-02-12,10036344
Lombardia,TOTALE,2018-02-13,10036448
Lombardia,TOTALE,2018-02-14,10036553
Lombardia,TOTALE,2018-02-15,10036658
Lombardia,TOTALE,2018-02-16,10036762
Lombardia,TOTALE,2018-02-17,10036867
Lombardia,TOTALE,2018-02-18,10036971
Lombardia,TOTALE,2018-02-19,10037076
Lombardia,TOTALE,2018-02-20,10037181
Lombardia,TOTALE,2018-02-21,10037285
Lombardia,TOTALE,2018-02-22,10037390
Lombardia,TOTALE,2018-02-23,10037495
Lombardia,TOTALE,2018-02-24,10037599
Lombardia,TOTALE,2018-02-25,10037704
Lombardia,TOTALE,2018-02-26,10037809
Lombardia,TOTALE,2018-02-27,10037913
Lombardia,TOTALE,2018-02-28,10038018
Lombardia,TOTALE,2018-03-01,10038123
Lombardia,TOTALE,2018-03-02,10038124
Lombardia,TOTALE,2018-03-03,10038125
Lombardia,TOTALE,2018-03-04,10038126
Lombardia,TOTALE,2018-03-05,10038127
Lombardia,TOTALE,2018-03-06,10038128
Lombardia,TOTALE,2018-03-07,10038130
Lombardia,TOTALE,2018-03-08,10038131
Lombardia,TOTALE,2018-03-09,10038132
Lombardia,TOTALE,2018-03-10,10038133
Lombardia,TOTALE,2018-03-11,10038134
Lombardia,TOTALE,2018-03-12,10038136
Lombardia,TOTALE,2018-03-13,10038137
Lombardia,TOTALE,2018-03-14,10038138
Lombardia,TOTALE,2018-03-15,10038139
Lombardia,TOTALE,2018-03-16,10038140
Lombardia,TOTALE,2018-03-17,10038142
Lombardia,TOTALE,2018-03-18,10038143
Lombardia,TOTALE,2018-03-19,10038144
Lombardia,TOTALE,2018-03-20,10038145
Lombardia,TOTALE,2018-03-21,10038146
Lombardia,TOTALE,2018-03-22,10038148
Lombardia,TOTALE,2018-03-23,10038149
Lombardia,TOTALE,2018-03-24,10038150
Lombardia,TOTALE,2018-03-25,10038151
Lombardia,TOTALE,2018-03-26,10038152
Lombardia,TOTALE,2018-03-27,10038154
Lombardia,TOTALE,2018-03-28,10038155
Lombardia,TOTALE,2018-03-29,10038156
Lombardia,TOTALE,2018-03-30,10038157
Lombardia,TOTALE,2018-03-31,10038158
Lombardia,TOTALE,2018-04-01,10038160
Lombardia,TOTALE,2018-04-02,10038177
Lombardia,TOTALE,2018-04-03,10038195
Lombardia,TOTALE,2018-04-04,10038213
Lombardia,TOTALE,2018-04-05,10038230
Lombardia,TOTALE,2018-04-06,10038248
Lombardia,TOTALE,2018-04-07,10038266
Lombardia,TOTALE,2018-04-08,10038284
Lombardia,TOTALE,2018-04-09,10038301
Lombardia,TOTALE,2018-04-10,10038319
Lombardia,TOTALE,2018-04-11,10038337
Lombardia,TOTALE,2018-04-12,10038355
Lombardia,TOTALE,2018-04-13,10038372
Lombardia,TOTALE,2018-04-14,10038390
Lombardia,TOTALE,2018-04-15,10038408
Lombardia,TOTALE,2018-04-16,10038426
Lombardia,TOTALE,2018-04-17,10038443
Lombardia,TOTALE,2018-04-18,10038461
Lombardia,TOTALE,2018-04-19,10038479
Lombardia,TOTALE,2018-04-20,10038496
Lombardia,TOTALE,2018-04-21,10038514
Lombardia,TOTALE,2018-04-22,10038532
Lombardia,TOTALE,2018-04-23,10038550
Lombardia,TOTALE,2018-04-24,10038567
Lombardia,TOTALE,2018-04-25,10038585
Lombardia,TOTALE,2018-04-26,10038603
Lombardia,TOTALE,2018-04-27,10038621
Lombardia,TOTALE,2018-04-28,10038638
Lombardia,TOTALE,2018-04-29,10038656
Lombardia,TOTALE,2018-04-30,10038674
Lombardia,TOTALE,2018-05-01,10038692
Lombardia,TOTALE,2018-05-02,10038783
Lombardia,TOTALE,2018-05-03,10038874
Lombardia,TOTALE,2018-05-04,10038965
Lombardia,TOTALE,2018-05-05,10039056
Lombardia,TOTALE,2018-05-06,10039147
Lombardia,TOTALE,2018-05-07,10039238
Lombardia,TOTALE,2018-05-08,10039330
Lombardia,TOTALE,2018-05-09,10039421
Lombardia,TOTALE,2018-05-10,10039512
Lombardia,TOTALE,2018-05-11,10039603
Lombardia,TOTALE,2018-05-12,10039694
Lombardia,TOTALE,2018-05-13,10039785
Lombardia,TOTALE,2018-05-14,10039877
Lombardia,TOTALE,2018-05-15,10039968
Lombardia,TOTALE,2018-05-16,10040059
Lombardia,TOTALE,2018-05-17,10040150
Lombardia,TOTALE,2018-05-18,10040241
Lombardia,TOTALE,2018-05-19,10040332
Lombardia,TOTALE,2018-05-20,10040424
Lombardia,TOTALE,2018-05-21,10040515
Lombardia,TOTALE,2018-05-22,10040606
Lombardia,TOTALE,2018-05-23,10040697
Lombardia,TOTALE,2018-05-24,10040788
Lombardia,TOTALE,2018-05-25,10040879
Lombardia,TOTALE,2018-05-26,10040971
Lombardia,TOTALE,2018-05-27,10041062
Lombardia,TOTALE,2018-05-28,10041153
Lombardia,TOTALE,2018-05-29,10041244
Lombardia,TOTALE,2018-05-30,10041335
Lombardia,TOTALE,2018-05-31,10041426
Lombardia,TOTALE,2018-06-01,10041518
Lombardia,TOTALE,2018-06-02,10041584
Lombardia,TOTALE,2018-06-03,10041650
Lombardia,TOTALE,2018-06-04,10041716
Lombardia,TOTALE,2018-06-05,10041782
Lombardia,TOTALE,2018-06-06,10041848
Lombardia,TOTALE,2018-06-07,10041914
Lombardia,TOTALE,2018-06-08,10041980
Lombardia,TOTALE,2018-06-09,10042047
Lombardia,TOTALE,2018-06-10,10042113
Lombardia,TOTALE,2018-06-11,10042179
Lombardia,TOTALE,2018-06-12,10042245
Lombardia,TOTALE,2018-06-13,10042311
Lombardia,TOTALE,2018-06-14,10042377
Lombardia,TOTALE,2018-06-15,10042443
Lombardia,TOTALE,2018-06-16,10042510
Lombardia,TOTALE,2018-06-17,10042576
Lombardia,TOTALE,2018-06-18,10042642
Lombardia,TOTALE,2018-06-19,10042708
Lombardia,TOTALE,2018-06-20,10042774
Lombardia,TOTALE,2018-06-21,10042840
Lombardia,TOTALE,2018-06-22,10042906
Lombardia,TOTALE,2018-06-23,10042972
Lombardia,TOTALE,2018-06-24,10043039
Lombardia,TOTALE,2018-06-25,10043105
Lombardia,TOTALE,2018-06-26,10043171
Lombardia,TOTALE,2018-06-27,10043237
Lombardia,TOTALE,2018-06-28,10043303
Lombardia,TOTALE,2018-06-29,10043369
Lombardia,TOTALE,2018-06-30,10043435
Lombardia,TOTALE,2018-07-01,10043502
Lombardia,TOTALE,2018-07-02,10043615
Lombardia,TOTALE,2018-07-03,10043728
Lombardia,TOTALE,2018-07-04,10043841
Lombardia,TOTALE,2018-07-05,10043954
Lombardia,TOTALE,2018-07-06,10044067
Lombardia,TOTALE,2018-07-07,10044180
Lombardia,TOTALE,2018-07-08,10044293
Lombardia,TOTALE,2018-07-09,10044406
Lombardia,TOTALE,2018-07-10,10044519
Lombardia,TOTALE,2018-07-11,10044632
Lombardia,TOTALE,2018-07-12,10044745
Lombardia,TOTALE,2018-07-13,10044858
Lombardia,TOTALE,2018-07-14,10044971
Lombardia,TOTALE,2018-07-15,10045084
Lombardia,TOTALE,2018-07-16,10045197
Lombardia,TOTALE,2018-07-17,10045310
Lombardia,TOTALE,2018-07-18,10045423
Lombardia,TOTALE,2018-07-19,10045536
Lombardia,TOTALE,2018-07-20,10045649
Lombardia,TOTALE,2018-07-21,10045762
Lombardia,TOTALE,2018-07-22,10045875
Lombardia,TOTALE,2018-07-23,10045988
Lombardia,TOTALE,2018-07-24,10046101
Lombardia,TOTALE,2018-07-25,10046214
Lombardia,TOTALE,2018-07-26,10046327
Lombardia,TOTALE,2018-07-27,10046440
Lombardia,TOTALE,2018-07-28,10046553
Lombardia,TOTALE,2018-07-29,10046666
Lombardia,TOTALE,2018-07-30,10046779
Lombardia,TOTALE,2018-07-31,10046892
Lombardia,TOTALE,2018-08-01,10047005
Lombardia,TOTALE,2018-08-02,10047057
Lombardia,TOTALE,2018-08-03,10047110
Lombardia,TOTALE,2018-08-04,10047163
Lombardia,TOTALE,2018-08-05,10047216
Lombardia,TOTALE,2018-08-06,10047269
Lombardia,TOTALE,2018-08-07,10047321
Lombardia,TOTALE,2018-08-08,10047374
Lombardia,TOTALE,2018-08-09,10047427
Lombardia,TOTALE,2018-08-10,10047480
Lombardia,TOTALE,2018-08-11,10047533
Lombardia,TOTALE,2018-08-12,10047585
Lombardia,TOTALE,2018-08-13,10047638
Lombardia,TOTALE,2018-08-14,10047691
Lombardia,TOTALE,2018-08-15,10047744
Lombardia,TOTALE,2018-08-16,10047797
Lombardia,TOTALE,2018-08-17,10047849
Lombardia,TOTALE,2018-08-18,10047902
Lombardia,TOTALE,2018-08-19,10047955
Lombardia,TOTALE,2018-08-20,10048008
Lombardia,TOTALE,2018-08-21,10048061
Lombardia,TOTALE,2018-08-22,10048113
Lombardia,TOTALE,2018-08-23,10048166
Lombardia,TOTALE,2018-08-24,10048219
Lombardia,TOTALE,2018-08-25,10048272
Lombardia,TOTALE,2018-08-26,10048325
Lombardia,TOTALE,2018-08-27,10048377
Lombardia,TOTALE,2018-08-28,10048430
Lombardia,TOTALE,2018-08-29,10048483
Lombardia,TOTALE,2018-08-30,10048536
Lombardia,TOTALE,2018-08-31,10048589
Lombardia,TOTALE,2018-09-01,10048642
Lombardia,TOTALE,2018-09-02,10048769
Lombardia,TOTALE,2018-09-03,10048897
Lombardia,TOTALE,2018-09-04,10049024
Lombardia,TOTALE,2018-09-05,10049152
Lombardia,TOTALE,2018-09-06,10049279
Lombardia,TOTALE,2018-09-07,10049407
Lombardia,TOTALE,2018-09-08,10049534
Lombardia,TOTALE,2018-09-09,10049662
Lombardia,TOTALE,2018-09-10,10049790
Lombardia,TOTALE,2018-09-11,10049917
Lombardia,TOTALE,2018-09-12,10050045
Lombardia,TOTALE,2018-09-13,10050172
Lombardia,TOTALE,2018-09-14,10050300
Lombardia,TOTALE,2018-09-15,10050427
Lombardia,TOTALE,2018-09-16,10050555
Lombardia,TOTALE,2018-09-17,10050683
Lombardia,TOTALE,2018-09-18,10050810
Lombardia,TOTALE,2018-09-19,10050938
Lombardia,TOTALE,2018-09-20,10051065
Lombardia,TOTALE,2018-09-21,10051193
Lombardia,TOTALE,2018-09-22,10051320
Lombardia,TOTALE,2018-09-23,10051448
Lombardia,TOTALE,2018-09-24,10051576
Lombardia,TOTALE,2018-09-25,10051703
Lombardia,TOTALE,2018-09-26,10051831
Lombardia,TOTALE,2018-09-27,10051958
Lombardia,TOTALE,2018-09-28,10052086
Lombardia,TOTALE,2018-09-29,10052213
Lombardia,TOTALE,2018-09-30,10052341
Lombardia,TOTALE,2018-10-01,10052469
Lombardia,TOTALE,2018-10-02,10052593
Lombardia,TOTALE,2018-10-03,10052718
Lombardia,TOTALE,2018-10-04,10052842
Lombardia,TOTALE,2018-10-05,10052967
Lombardia,TOTALE,2018-10-06,10053092
Lombardia,TOTALE,2018-10-07,10053216
Lombardia,TOTALE,2018-10-08,10053341
Lombardia,TOTALE,2018-10-09,10053465
Lombardia,TOTALE,2018-10-10,10053590
Lombardia,TOTALE,2018-10-11,10053715
Lombardia,TOTALE,2018-10-12,10053839
Lombardia,TOTALE,2018-10-13,10053964
Lombardia,TOTALE,2018-10-14,10054088
Lombardia,TOTALE,2018-10-15,10054213
Lombardia,TOTALE,2018-10-16,10054338
Lombardia,TOTALE,2018-10-17,10054462
Lombardia,TOTALE,2018-10-18,10054587
Lombardia,TOTALE,2018-10-19,10054712
Lombardia,TOTALE,2018-10-20,10054836
Lombardia,TOTALE,2018-10-21,10054961
Lombardia,TOTALE,2018-10-22,10055085
Lombardia,TOTALE,2018-10-23,10055210
Lombardia,TOTALE,2018-10-24,10055335
Lombardia,TOTALE,2018-10-25,10055459
Lombardia,TOTALE,2018-10-26,10055584
Lombardia,TOTALE,2018-10-27,10055708
Lombardia,TOTALE,2018-10-28,10055833
Lombardia,TOTALE,2018-10-29,10055958
Lombardia,TOTALE,2018-10-30,10056082
Lombardia,TOTALE,2018-10-31,10056207
Lombardia,TOTALE,2018-11-01,10056332
Lombardia,TOTALE,2018-11-02,10056439
Lombardia,TOTALE,2018-11-03,10056546
Lombardia,TOTALE,2018-11-04,10056653
Lombardia,TOTALE,2018-11-05,10056760
Lombardia,TOTALE,2018-11-06,10056867
Lombardia,TOTALE,2018-11-07,10056974
Lombardia,TOTALE,2018-11-08,10057081
Lombardia,TOTALE,2018-11-09,10057188
Lombardia,TOTALE,2018-11-10,10057295
Lombardia,TOTALE,2018-11-11,10057402
Lombardia,TOTALE,2018-11-12,10057509
Lombardia,TOTALE,2018-11-13,10057616
Lombardia,TOTALE,2018-11-14,10057723
Lombardia,TOTALE,2018-11-15,10057830
Lombardia,TOTALE,2018-11-16,10057937
Lombardia,TOTALE,2018-11-17,10058044
Lombardia,TOTALE,2018-11-18,10058151
Lombardia,TOTALE,2018-11-19,10058258
Lombardia,TOTALE,2018-11-20,10058365
Lombardia,TOTALE,2018-11-21,10058472
Lombardia,TOTALE,2018-11-22,10058579
Lombardia,TOTALE,2018-11-23,10058686
Lombardia,TOTALE,2018-11-24,10058793
Lombardia,TOTALE,2018-11-25,10058900
Lombardia,TOTALE,2018-11-26,10059007
Lombardia,TOTALE,2018-11-27,10059114
Lombardia,TOTALE,2018-11-28,10059221
Lombardia,TOTALE,2018-11-29,10059328
Lombardia,TOTALE,2018-11-30,10059435
Lombardia,TOTALE,2018-12-01,10059543
Lombardia,TOTALE,2018-12-02,10059576
Lombardia,TOTALE,2018-12-03,10059609
Lombardia,TOTALE,2018-12-04,10059642
Lombardia,TOTALE,2018-12-05,10059676
Lombardia,TOTALE,2018-12-06,10059709
Lombardia,TOTALE,2018-12-07,10059742
Lombardia,TOTALE,2018-12-08,10059775
Lombardia,TOTALE,2018-12-09,10059809
Lombardia,TOTALE,2018-12-10,10059842
Lombardia,TOTALE,2018-12-11,10059875
Lombardia,TOTALE,2018-12-12,10059908
Lombardia,TOTALE,2018-12-13,10059942
Lombardia,TOTALE,2018-12-14,10059975
Lombardia,TOTALE,2018-12-15,10060008
Lombardia,TOTALE,2018-12-16,10060041
Lombardia,TOTALE,2018-12-17,10060075
Lombardia,TOTALE,2018-12-18,10060108
Lombardia,TOTALE,2018-12-19,10060141
Lombardia,TOTALE,2018-12-20,10060174
Lombardia,TOTALE,2018-12-21,10060208
Lombardia,TOTALE,2018-12-22,10060241
Lombardia,TOTALE,2018-12-23,10060274
Lombardia,TOTALE,2018-12-24,10060307
Lombardia,TOTALE,2018-12-25,10060341
Lombardia,TOTALE,2018-12-26,10060374
Lombardia,TOTALE,2018-12-27,10060407
Lombardia,TOTALE,2018-12-28,10060440
Lombardia,TOTALE,2018-12-29,10060474
Lombardia,TOTALE,2018-12-30,10060507
Lombardia,TOTALE,2018-12-31,10060540
Lombardia,TOTALE,2019-01-01,10060574
Lombardia,TOTALE,2019-01-02,10060514
Lombardia,TOTALE,2019-01-03,10060454
Lombardia,TOTALE,2019-01-04,10060394
Lombardia,TOTALE,2019-01-05,10060334
Lombardia,TOTALE,2019-01-06,10060274
Lombardia,TOTALE,2019-01-07,10060214
Lombardia,TOTALE,2019-01-08,10060154
Lombardia,TOTALE,2019-01-09,10060095
Lombardia,TOTALE,2019-01-10,10060035
Lombardia,TOTALE,2019-01-11,10059975
Lombardia,TOTALE,2019-01-12,10059915
Lombardia,TOTALE,2019-01-13,10059855
Lombardia,TOTALE,2019-01-14,10059795
Lombardia,TOTALE,2019-01-15,10059735
Lombardia,TOTALE,2019-01-16,10059675
Lombardia,TOTALE,2019-01-17,10059616
Lombardia,TOTALE,2019-01-18,10059556
Lombardia,TOTALE,2019-01-19,10059496
Lombardia,TOTALE,2019-01-20,10059436
Lombardia,TOTALE,2019-01-21,10059376
Lombardia,TOTALE,2019-01-22,10059316
Lombardia,TOTALE,2019-01-23,10059256
Lombardia,TOTALE,2019-01-24,10059196
Lombardia,TOTALE,2019-01-25,10059137
Lombardia,TOTALE,2019-01-26,10059077
Lombardia,TOTALE,2019-01-27,10059017
Lombardia,TOTALE,2019-01-28,10058957
Lombardia,TOTALE,2019-01-29,10058897
Lombardia,TOTALE,2019-01-30,10058837
Lombardia,TOTALE,2019-01-31,10058777
Lombardia,TOTALE,2019-02-01,10058718
Lombardia,TOTALE,2019-02-02,10058799
Lombardia,TOTALE,2019-02-03,10058880
Lombardia,TOTALE,2019-02-04,10058961
Lombardia,TOTALE,2019-02-05,10059042
Lombardia,TOTALE,2019-02-06,10059123
Lombardia,TOTALE,2019-02-07,10059205
Lombardia,TOTALE,2019-02-08,10059286
Lombardia,TOTALE,2019-02-09,10059367
Lombardia,TOTALE,2019-02-10,10059448
Lombardia,TOTALE,2019-02-11,10059529
Lombardia,TOTALE,2019-02-12,10059610
Lombardia,TOTALE,2019-02-13,10059692
Lombardia,TOTALE,2019-02-14,10059773
Lombardia,TOTALE,2019-02-15,10059854
Lombardia,TOTALE,2019-02-16,10059935
Lombardia,TOTALE,2019-02-17,10060016
Lombardia,TOTALE,2019-02-18,10060098
Lombardia,TOTALE,2019-02-19,10060179
Lombardia,TOTALE,2019-02-20,10060260
Lombardia,TOTALE,2019-02-21,10060341
Lombardia,TOTALE,2019-02-22,10060422
Lombardia,TOTALE,2019-02-23,10060503
Lombardia,TOTALE,2019-02-24,10060585
Lombardia,TOTALE,2019-02-25,10060666
Lombardia,TOTALE,2019-02-26,10060747
Lombardia,TOTALE,2019-02-27,10060828
Lombardia,TOTALE,2019-02-28,10060909
Lombardia,TOTALE,2019-03-01,10060991
Lombardia,TOTALE,2019-03-02,10061068
Lombardia,TOTALE,2019-03-03,10061146
Lombardia,TOTALE,2019-03-04,10061224
Lombardia,TOTALE,2019-03-05,10061302
Lombardia,TOTALE,2019-03-06,10061379
Lombardia,TOTALE,2019-03-07,10061457
Lombardia,TOTALE,2019-03-08,10061535
Lombardia,TOTALE,2019-03-09,10061613
Lombardia,TOTALE,2019-03-10,10061690
Lombardia,TOTALE,2019-03-11,10061768
Lombardia,TOTALE,2019-03-12,10061846
Lombardia,TOTALE,2019-03-13,10061924
Lombardia,TOTALE,2019-03-14,10062002
Lombardia,TOTALE,2019-03-15,10062079
Lombardia,TOTALE,2019-03-16,10062157
Lombardia,TOTALE,2019-03-17,10062235
Lombardia,TOTALE,2019-03-18,10062313
Lombardia,TOTALE,2019-03-19,10062390
Lombardia,TOTALE,2019-03-20,10062468
Lombardia,TOTALE,2019-03-21,10062546
Lombardia,TOTALE,2019-03-22,10062624
Lombardia,TOTALE,2019-03-23,10062702
Lombardia,TOTALE,2019-03-24,10062779
Lombardia,TOTALE,2019-03-25,10062857
Lombardia,TOTALE,2019-03-26,10062935
Lombardia,TOTALE,2019-03-27,10063013
Lombardia,TOTALE,2019-03-28,10063090
Lombardia,TOTALE,2019-03-29,10063168
Lombardia,TOTALE,2019-03-30,10063246
Lombardia,TOTALE,2019-03-31,10063324
Lombardia,TOTALE,2019-04-01,10063402
Lombardia,TOTALE,2019-04-02,10063537
Lombardia,TOTALE,2019-04-03,10063672
Lombardia,TOTALE,2019-04-04,10063807
Lombardia,TOTALE,2019-04-05,10063942
Lombardia,TOTALE,2019-04-06,10064077
Lombardia,TOTALE,2019-04-07,10064212
Lombardia,TOTALE,2019-04-08,10064347
Lombardia,TOTALE,2019-04-09,10064482
Lombardia,TOTALE,2019-04-10,10064617
Lombardia,TOTALE,2019-04-11,10064752
Lombardia,TOTALE,2019-04-12,10064887
Lombardia,TOTALE,2019-04-13,10065022
Lombardia,TOTALE,2019-04-14,10065157
Lombardia,TOTALE,2019-04-15,10065292
Lombardia,TOTALE,2019-04-16,10065427
Lombardia,TOTALE,2019-04-17,10065562
Lombardia,TOTALE,2019-04-18,10065697
Lombardia,TOTALE,2019-04-19,10065832
Lombardia,TOTALE,2019-04-20,10065967
Lombardia,TOTALE,2019-04-21,10066102
Lombardia,TOTALE,2019-04-22,10066237
Lombardia,TOTALE,2019-04-23,10066372
Lombardia,TOTALE,2019-04-24,10066507
Lombardia,TOTALE,2019-04-25,10066642
Lombardia,TOTALE,2019-04-26,10066777
Lombardia,TOTALE,2019-04-27,10066912
Lombardia,TOTALE,2019-04-28,10067047
Lombardia,TOTALE,2019-04-29,10067182
Lombardia,TOTALE,2019-04-30,10067317
Lombardia,TOTALE,2019-05-01,10067452
Lombardia,TOTALE,2019-05-02,10067571
Lombardia,TOTALE,2019-05-03,10067691
Lombardia,TOTALE,2019-05-04,10067811
Lombardia,TOTALE,2019-05-05,10067931
Lombardia,TOTALE,2019-05-06,10068051
Lombardia,TOTALE,2019-05-07,10068171
Lombardia,TOTALE,2019-05-08,10068290
Lombardia,TOTALE,2019-05-09,10068410
Lombardia,TOTALE,2019-05-10,10068530
Lombardia,TOTALE,2019-05-11,10068650
Lombardia,TOTALE,2019-05-12,10068770
Lombardia,TOTALE,2019-05-13,10068890
Lombardia,TOTALE,2019-05-14,10069009
Lombardia,TOTALE,2019-05-15,10069129
Lombardia,TOTALE,2019-05-16,10069249
Lombardia,TOTALE,2019-05-17,10069369
Lombardia,TOTALE,2019-05-18,10069489
Lombardia,TOTALE,2019-05-19,10069609
Lombardia,TOTALE,2019-05-20,10069728
Lombardia,TOTALE,2019-05-21,10069848
Lombardia,TOTALE,2019-05-22,10069968
Lombardia,TOTALE,2019-05-23,10070088
Lombardia,TOTALE,2019-05-24,10070208
Lombardia,TOTALE,2019-05-25,10070328
Lombardia,TOTALE,2019-05-26,10070447
Lombardia,TOTALE,2019-05-27,10070567
Lombardia,TOTALE,2019-05-28,10070687
Lombardia,TOTALE,2019-05-29,10070807
Lombardia,TOTALE,2019-05-30,10070927
Lombardia,TOTALE,2019-05-31,10071047
Lombardia,TOTALE,2019-06-01,10071167
Lombardia,TOTALE,2019-06-02,10071194
Lombardia,TOTALE,2019-06-03,10071221
Lombardia,TOTALE,2019-06-04,10071249
Lombardia,TOTALE,2019-06-05,10071276
Lombardia,TOTALE,2019-06-06,10071303
Lombardia,TOTALE,2019-06-07,10071331
Lombardia,TOTALE,2019-06-08,10071358
Lombardia,TOTALE,2019-06-09,10071385
Lombardia,TOTALE,2019-06-10,10071413
Lombardia,TOTALE,2019-06-11,10071440
Lombardia,TOTALE,2019-06-12,10071467
Lombardia,TOTALE,2019-06-13,10071495
Lombardia,TOTALE,2019-06-14,10071522
Lombardia,TOTALE,2019-06-15,10071549
Lombardia,TOTALE,2019-06-16,10071577
Lombardia,TOTALE,2019-06-17,10071604
Lombardia,TOTALE,2019-06-18,10071631
Lombardia,TOTALE,2019-06-19,10071659
Lombardia,TOTALE,2019-06-20,10071686
Lombardia,TOTALE,2019-06-21,10071713
Lombardia,TOTALE,2019-06-22,10071741
Lombardia,TOTALE,2019-06-23,10071768
Lombardia,TOTALE,2019-06-24,10071795
Lombardia,TOTALE,2019-06-25,10071823
Lombardia,TOTALE,2019-06-26,10071850
Lombardia,TOTALE,2019-06-27,10071877
Lombardia,TOTALE,2019-06-28,10071905
Lombardia,TOTALE,2019-06-29,10071932
Lombardia,TOTALE,2019-06-30,10071959
Lombardia,TOTALE,2019-07-01,10071987
Lombardia,TOTALE,2019-07-02,10072089
Lombardia,TOTALE,2019-07-03,10072192
Lombardia,TOTALE,2019-07-04,10072295
Lombardia,TOTALE,2019-07-05,10072398
Lombardia,TOTALE,2019-07-06,10072500
Lombardia,TOTALE,2019-07-07,10072603
Lombardia,TOTALE,2019-07-08,10072706
Lombardia,TOTALE,2019-07-09,10072809
Lombardia,TOTALE,2019-07-10,10072911
Lombardia,TOTALE,2019-07-11,10073014
Lombardia,TOTALE,2019-07-12,10073117
Lombardia,TOTALE,2019-07-13,10073220
Lombardia,TOTALE,2019-07-14,10073323
Lombardia,TOTALE,2019-07-15,10073425
Lombardia,TOTALE,2019-07-16,10073528
Lombardia,TOTALE,2019-07-17,10073631
Lombardia,TOTALE,2019-07-18,10073734
Lombardia,TOTALE,2019-07-19,10073836
Lombardia,TOTALE,2019-07-20,10073939
Lombardia,TOTALE,2019-07-21,10074042
Lombardia,TOTALE,2019-07-22,10074145
Lombardia,TOTALE,2019-07-23,10074248
Lombardia,TOTALE,2019-07-24,10074350
Lombardia,TOTALE,2019-07-25,10074453
Lombardia,TOTALE,2019-07-26,10074556
Lombardia,TOTALE,2019-07-27,10074659
Lombardia,TOTALE,2019-07-28,10074761
Lombardia,TOTALE,2019-07-29,10074864
Lombardia,TOTALE,2019-07-30,10074967
Lombardia,TOTALE,2019-07-31,10075070
Lombardia,TOTALE,2019-08-01,10075173
Lombardia,TOTALE,2019-08-02,10075254
Lombardia,TOTALE,2019-08-03,10075336
Lombardia,TOTALE,2019-08-04,10075417
Lombardia,TOTALE,2019-08-05,10075499
Lombardia,TOTALE,2019-08-06,10075580
Lombardia,TOTALE,2019-08-07,10075662
Lombardia,TOTALE,2019-08-08,10075743
Lombardia,TOTALE,2019-08-09,10075825
Lombardia,TOTALE,2019-08-10,10075906
Lombardia,TOTALE,2019-08-11,10075988
Lombardia,TOTALE,2019-08-12,10076069
Lombardia,TOTALE,2019-08-13,10076151
Lombardia,TOTALE,2019-08-14,10076232
Lombardia,TOTALE,2019-08-15,10076314
Lombardia,TOTALE,2019-08-16,10076395
Lombardia,TOTALE,2019-08-17,10076477
Lombardia,TOTALE,2019-08-18,10076558
Lombardia,TOTALE,2019-08-19,10076640
Lombardia,TOTALE,2019-08-20,10076721
Lombardia,TOTALE,2019-08-21,10076803
Lombardia,TOTALE,2019-08-22,10076884
Lombardia,TOTALE,2019-08-23,10076966
Lombardia,TOTALE,2019-08-24,10077047
Lombardia,TOTALE,2019-08-25,10077129
Lombardia,TOTALE,2019-08-26,10077210
Lombardia,TOTALE,2019-08-27,10077292
Lombardia,TOTALE,2019-08-28,10077373
Lombardia,TOTALE,2019-08-29,10077455
Lombardia,TOTALE,2019-08-30,10077536
Lombardia,TOTALE,2019-08-31,10077618
Lombardia,TOTALE,2019-09-01,10077700
Lombardia,TOTALE,2019-09-02,10077800
Lombardia,TOTALE,2019-09-03,10077900
Lombardia,TOTALE,2019-09-04,10078001
Lombardia,TOTALE,2019-09-05,10078101
Lombardia,TOTALE,2019-09-06,10078201
Lombardia,TOTALE,2019-09-07,10078302
Lombardia,TOTALE,2019-09-08,10078402
Lombardia,TOTALE,2019-09-09,10078502
Lombardia,TOTALE,2019-09-10,10078603
Lombardia,TOTALE,2019-09-11,10078703
Lombardia,TOTALE,2019-09-12,10078804
Lombardia,TOTALE,2019-09-13,10078904
Lombardia,TOTALE,2019-09-14,10079004
Lombardia,TOTALE,2019-09-15,10079105
Lombardia,TOTALE,2019-09-16,10079205
Lombardia,TOTALE,2019-09-17,10079305
Lombardia,TOTALE,2019-09-18,10079406
Lombardia,TOTALE,2019-09-19,10079506
Lombardia,TOTALE,2019-09-20,10079606
Lombardia,TOTALE,2019-09-21,10079707
Lombardia,TOTALE,2019-09-22,10079807
Lombardia,TOTALE,2019-09-23,10079908
Lombardia,TOTALE,2019-09-24,10080008
Lombardia,TOTALE,2019-09-25,10080108
Lombardia,TOTALE,2019-09-26,10080209
Lombardia,TOTALE,2019-09-27,10080309
Lombardia,TOTALE,2019-09-28,10080409
Lombardia,TOTALE,2019-09-29,10080510
Lombardia,TOTALE,2019-09-30,10080610
Lombardia,TOTALE,2019-10-01,10080711
Lombardia,TOTALE,2019-10-02,10080850
Lombardia,TOTALE,2019-10-03,10080989
Lombardia,TOTALE,2019-10-04,10081128
Lombardia,TOTALE,2019-10-05,10081267
Lombardia,TOTALE,2019-10-06,10081406
Lombardia,TOTALE,2019-10-07,10081545
Lombardia,TOTALE,2019-10-08,10081684
Lombardia,TOTALE,2019-10-09,10081823
Lombardia,TOTALE,2019-10-10,10081962
Lombardia,TOTALE,2019-10-11,10082101
Lombardia,TOTALE,2019-10-12,10082240
Lombardia,TOTALE,2019-10-13,10082379
Lombardia,TOTALE,2019-10-14,10082518
Lombardia,TOTALE,2019-10-15,10082657
Lombardia,TOTALE,2019-10-16,10082796
Lombardia,TOTALE,2019-10-17,10082935
Lombardia,TOTALE,2019-10-18,10083074
Lombardia,TOTALE,2019-10-19,10083213
Lombardia,TOTALE,2019-10-20,10083352
Lombardia,TOTALE,2019-10-21,10083491
Lombardia,TOTALE,2019-10-22,10083630
Lombardia,TOTALE,2019-10-23,10083769
Lombardia,TOTALE,2019-10-24,10083908
Lombardia,TOTALE,2019-10-25,10084047
Lombardia,TOTALE,2019-10-26,10084186
Lombardia,TOTALE,2019-10-27,10084325
Lombardia,TOTALE,2019-10-28,10084464
Lombardia,TOTALE,2019-10-29,10084603
Lombardia,TOTALE,2019-10-30,10084742
Lombardia,TOTALE,2019-10-31,10084881
Lombardia,TOTALE,2019-11-01,10085021
Lombardia,TOTALE,2019-11-02,10085109
Lombardia,TOTALE,2019-11-03,10085198
Lombardia,TOTALE,2019-11-04,10085287
Lombardia,TOTALE,2019-11-05,10085376
Lombardia,TOTALE,2019-11-06,10085465
Lombardia,TOTALE,2019-11-07,10085554
Lombardia,TOTALE,2019-11-08,10085643
Lombardia,TOTALE,2019-11-09,10085732
Lombardia,TOTALE,2019-11-10,10085821
Lombardia,TOTALE,2019-11-11,10085910
Lombardia,TOTALE,2019-11-12,10085999
Lombardia,TOTALE,2019-11-13,10086088
Lombardia,TOTALE,2019-11-14,10086177
Lombardia,TOTALE,2019-11-15,10086266
Lombardia,TOTALE,2019-11-16,10086355
Lombardia,TOTALE,2019-11-17,10086444
Lombardia,TOTALE,2019-11-18,10086533
Lombardia,TOTALE,2019-11-19,10086622
Lombardia,TOTALE,2019-11-20,10086711
Lombardia,TOTALE,2019-11-21,10086800
Lombardia,TOTALE,2019-11-22,10086889
Lombardia,TOTALE,2019-11-23,10086978
Lombardia,TOTALE,2019-11-24,10087067
Lombardia,TOTALE,2019-11-25,10087156
Lombardia,TOTALE,2019-11-26,10087245
Lombardia,TOTALE,2019-11-27,10087334
Lombardia,TOTALE,2019-11-28,10087423
Lombardia,TOTALE,2019-11-29,10087512
Lombardia,TOTALE,2019-11-30,10087601
Lombardia,TOTALE,2019-12-01,10087690
Lombardia,TOTALE,2019-12-02,10087776
Lombardia,TOTALE,2019-12-03,10087862
Lombardia,TOTALE,2019-12-04,10087948
Lombardia,TOTALE,2019-12-05,10088034
Lombardia,TOTALE,2019-12-06,10088120
Lombardia,TOTALE,2019-12-07,10088206
Lombardia,TOTALE,2019-12-08,10088292
Lombardia,TOTALE,2019-12-09,10088379
Lombardia,TOTALE,2019-12-10,10088465
Lombardia,TOTALE,2019-12-11,10088551
Lombardia,TOTALE,2019-12-12,10088637
Lombardia,TOTALE,2019-12-13,10088723
Lombardia,TOTALE,2019-12-14,10088809
Lombardia,TOTALE,2019-12-15,10088895
Lombardia,TOTALE,2019-12-16,10088981
Lombardia,TOTALE,2019-12-17,10089068
Lombardia,TOTALE,2019-12-18,10089154
Lombardia,TOTALE,2019-12-19,10089240
Lombardia,TOTALE,2019-12-20,10089326
Lombardia,TOTALE,2019-12-21,10089412
Lombardia,TOTALE,2019-12-22,10089498
Lombardia,TOTALE,2019-12-23,10089584
Lombardia,TOTALE,2019-12-24,10089670
Lombardia,TOTALE,2019-12-25,10089757
Lombardia,TOTALE,2019-12-26,10089843
Lombardia,TOTALE,2019-12-27,10089929
Lombardia,TOTALE,2019-12-28,10090015
Lombardia,TOTALE,2019-12-29,10090101
Lombardia,TOTALE,2019-12-30,10090187
Lombardia,TOTALE,2019-12-31,10090273
Lombardia,TOTALE,2020-01-01,10090360
Lombardia,TOTALE,2020-01-02,10090446
Lombardia,TOTALE,2020-01-03,10090532
Lombardia,TOTALE,2020-01-04,10090618
Lombardia,TOTALE,2020-01-05,10090704
Lombardia,TOTALE,2020-01-06,10090790
Lombardia,TOTALE,2020-01-07,10090876
Lombardia,TOTALE,2020-01-08,10090962
Lombardia,TOTALE,2020-01-09,10091049
Lombardia,TOTALE,2020-01-10,10091135
Lombardia,TOTALE,2020-01-11,10091221
Lombardia,TOTALE,2020-01-12,10091307
Lombardia,TOTALE,2020-01-13,10091393
Lombardia,TOTALE,2020-01-14,10091479
Lombardia,TOTALE,2020-01-15,10091565
Lombardia,TOTALE,2020-01-16,10091651
Lombardia,TOTALE,2020-01-17,10091738
Lombardia,TOTALE,2020-01-18,10091824
Lombardia,TOTALE,2020-01-19,10091910
Lombardia,TOTALE,2020-01-20,10091996
Lombardia,TOTALE,2020-01-21,10092082
Lombardia,TOTALE,2020-01-22,10092168
Lombardia,TOTALE,2020-01-23,10092254
Lombardia,TOTALE,2020-01-24,10092340
Lombardia,TOTALE,2020-01-25,10092427
Lombardia,TOTALE,2020-01-26,10092513
Lombardia,TOTALE,2020-01-27,10092599
Lombardia,TOTALE,2020-01-28,10092685
Lombardia,TOTALE,2020-01-29,10092771
Lombardia,TOTALE,2020-01-30,10092857
Lombardia,TOTALE,2020-01-31,10092943
Lombardia,TOTALE,2020-02-01,10093030
Lombardia,TOTALE,2020-02-02,10093122
Lombardia,TOTALE,2020-02-03,10093214
Lombardia,TOTALE,2020-02-04,10093306
Lombardia,TOTALE,2020-02-05,10093398
Lombardia,TOTALE,2020-02-06,10093490
Lombardia,TOTALE,2020-02-07,10093582
Lombardia,TOTALE,2020-02-08,10093674
Lombardia,TOTALE,2020-02-09,10093766
Lombardia,TOTALE,2020-02-10,10093858
Lombardia,TOTALE,2020-02-11,10093950
Lombardia,TOTALE,2020-02-12,10094042
Lombardia,TOTALE,2020-02-13,10094134
Lombardia,TOTALE,2020-02-14,10094226
Lombardia,TOTALE,2020-02-15,10094318
Lombardia,TOTALE,2020-02-16,10094411
Lombardia,TOTALE,2020-02-17,10094503
Lombardia,TOTALE,2020-02-18,10094595
Lombardia,TOTALE,2020-02-19,10094687
Lombardia,TOTALE,2020-02-20,10094779
Lombardia,TOTALE,2020-02-21,10094871
Lombardia,TOTALE,2020-02-22,10094963
Lombardia,TOTALE,2020-02-23,10095055
Lombardia,TOTALE,2020-02-24,10095147
Lombardia,TOTALE,2020-02-25,10095239
Lombardia,TOTALE,2020-02-26,10095331
Lombardia,TOTALE,2020-02-27,10095423
Lombardia,TOTALE,2020-02-28,10095515
Lombardia,TOTALE,2020-02-29,10095607
Lombardia,TOTALE,2020-03-01,10095700
Lombardia,TOTALE,2020-03-02,10095786
Lombardia,TOTALE,2020-03-03,10095872
Lombardia,TOTALE,2020-03-04,10095958
Lombardia,TOTALE,2020-03-05,10096044
Lombardia,TOTALE,2020-03-06,10096130
Lombardia,TOTALE,2020-03-07,10096216
Lombardia,TOTALE,2020-03-08,10096302
Lombardia,TOTALE,2020-03-09,10096389
Lombardia,TOTALE,2020-03-10,10096475
Lombardia,TOTALE,2020-03-11,10096561
Lombardia,TOTALE,2020-03-12,10096647
Lombardia,TOTALE,2020-03-13,10096733
Lombardia,TOTALE,2020-03-14,10096819
Lombardia,TOTALE,2020-03-15,10096905
Lombardia,TOTALE,2020-03-16,10096991
Lombardia,TOTALE,2020-03-17,10097078
Lombardia,TOTALE,2020-03-18,10097164
Lombardia,TOTALE,2020-03-19,10097250
Lombardia,TOTALE,2020-03-20,10097336
Lombardia,TOTALE,2020-03-21,10097422
Lombardia,TOTALE,2020-03-22,10097508
Lombardia,TOTALE,2020-03-23,10097594
Lombardia,TOTALE,2020-03-24,10097680
Lombardia,TOTALE,2020-03-25,10097767
Lombardia,TOTALE,2020-03-26,10097853
Lombardia,TOTALE,2020-03-27,10097939
Lombardia,TOTALE,2020-03-28,10098025
Lombardia,TOTALE,2020-03-29,10098111
Lombardia,TOTALE,2020-03-30,10098197
Lombardia,TOTALE,2020-03-31,10098283
Lombardia,TOTALE,2020-04-01,10098370
